jdk_major,jdk_version,lane,input_file,benchmark,benchmark_class,method,mode,threads,forks,warmup_iterations,warmup_time,measurement_iterations,measurement_time,dataset_size,parameters,score,score_error,confidence_low,confidence_high,score_unit,p50,p90,p95,p99,p999,p100,allocation_bytes_per_op,allocation_mb_per_second,gc_count,gc_time_milliseconds
21,21.0.8,query,jmh-query-java21/results.json,io.github.shuaibrao.cqengine.benchmark.QueryLifecycleBenchmark.constructCompoundQuery,io.github.shuaibrao.cqengine.benchmark.QueryLifecycleBenchmark,constructCompoundQuery,avgt,1,2,3,1 s,5,1 s,10000,"{""datasetSize"":""10000""}",71.549799019864068,3.7867056990073222,67.76309332085674,75.336504718871396,ns/op,72.033027404135993,74.633573443345043,74.725523207871305,74.725523207871305,74.725523207871305,74.725523207871305,416.00049121903004,5549.516522655189,139,139
21,21.0.8,query,jmh-query-java21/results.json,io.github.shuaibrao.cqengine.benchmark.QueryLifecycleBenchmark.createResultSetReadCostAndClose,io.github.shuaibrao.cqengine.benchmark.QueryLifecycleBenchmark,createResultSetReadCostAndClose,avgt,1,2,3,1 s,5,1 s,10000,"{""datasetSize"":""10000""}",79595.415317127394,2861.1486934209056,76734.266623706484,82456.564010548303,ns/op,78838.439856889745,84008.743502415891,84366.236703241477,84366.236703241477,84366.236703241477,84366.236703241477,98904.548330769816,1185.2734285457341,63,54
21,21.0.8,query,jmh-query-java21/results.json,io.github.shuaibrao.cqengine.benchmark.QueryLifecycleBenchmark.firstResultAndClose,io.github.shuaibrao.cqengine.benchmark.QueryLifecycleBenchmark,firstResultAndClose,avgt,1,2,3,1 s,5,1 s,10000,"{""datasetSize"":""10000""}",82792.441253145254,4570.8810766127908,78221.560176532468,87363.322329758041,ns/op,82382.071431916353,88700.001171578464,88941.944321696865,88941.944321696865,88941.944321696865,88941.944321696865,108568.57194950909,1251.7121343624358,68,61
21,21.0.8,query,jmh-query-java21/results.json,io.github.shuaibrao.cqengine.benchmark.QueryLifecycleBenchmark.fullIterationAndClose,io.github.shuaibrao.cqengine.benchmark.QueryLifecycleBenchmark,fullIterationAndClose,avgt,1,2,3,1 s,5,1 s,10000,"{""datasetSize"":""10000""}",123638.50352533933,9826.7706291487812,113811.73289619054,133465.27415448811,ns/op,124756.66373500587,130929.01761343352,130972.03766675385,130972.03766675385,130972.03766675385,130972.03766675385,118948.85210135506,912.11352879790104,50,45
21,21.0.8,query,jmh-query-java21/results.json,io.github.shuaibrao.cqengine.benchmark.QueryLifecycleBenchmark.sizeAndClose,io.github.shuaibrao.cqengine.benchmark.QueryLifecycleBenchmark,sizeAndClose,avgt,1,2,3,1 s,5,1 s,10000,"{""datasetSize"":""10000""}",130756.22050839364,11258.115167592827,119498.10534080082,142014.33567598648,ns/op,129205.05738151789,143693.7683454589,144160.73320922241,144160.73320922241,144160.73320922241,144160.73320922241,138996.90209800415,1016.417561240651,54,52
21,21.0.8,query,jmh-query-java21/results.json,io.github.shuaibrao.cqengine.benchmark.QueryLifecycleBenchmark.unindexedFullIterationAndClose,io.github.shuaibrao.cqengine.benchmark.QueryLifecycleBenchmark,unindexedFullIterationAndClose,avgt,1,2,3,1 s,5,1 s,10000,"{""datasetSize"":""10000""}",167207.60447767051,30437.41482410442,136770.18965356608,197645.01930177494,ns/op,165483.83168222848,193913.75445945552,194575.41674650315,194575.41674650315,194575.41674650315,194575.41674650315,1305.141560408448,7.5392775369187479,1,1
21,21.0.8,scenarios,jmh-query-scenarios-java21/results.json,io.github.shuaibrao.cqengine.benchmark.QueryScenarioBenchmark.createResultSetReadCostAndClose,io.github.shuaibrao.cqengine.benchmark.QueryScenarioBenchmark,createResultSetReadCostAndClose,avgt,1,2,3,1 s,5,1 s,10000,"{""datasetSize"":""10000"",""scenario"":""COMPOUND_LARGE""}",374.06034558055831,21.167405911601314,352.89293966895701,395.2277514921596,ns/op,370.61806230503134,403.08257304858284,404.88697614543736,404.88697614543736,404.88697614543736,404.88697614543736,896.00257303646265,2286.5573886765387,112,87
21,21.0.8,scenarios,jmh-query-scenarios-java21/results.json,io.github.shuaibrao.cqengine.benchmark.QueryScenarioBenchmark.createResultSetReadCostAndClose,io.github.shuaibrao.cqengine.benchmark.QueryScenarioBenchmark,createResultSetReadCostAndClose,avgt,1,2,3,1 s,5,1 s,10000,"{""datasetSize"":""10000"",""scenario"":""FALLBACK_LARGE""}",354.38700171263082,30.08152911454351,324.30547259808731,384.46853082717433,ns/op,347.74729866779347,392.03006306012571,393.53981881507991,393.53981881507991,393.53981881507991,393.53981881507991,1072.0024379034214,2891.8973940203819,118,102
21,21.0.8,scenarios,jmh-query-scenarios-java21/results.json,io.github.shuaibrao.cqengine.benchmark.QueryScenarioBenchmark.createResultSetReadCostAndClose,io.github.shuaibrao.cqengine.benchmark.QueryScenarioBenchmark,createResultSetReadCostAndClose,avgt,1,2,3,1 s,5,1 s,10000,"{""datasetSize"":""10000"",""scenario"":""HASH_LARGE""}",473.35438073858478,25.875250881546261,447.47912985703852,499.22963162013104,ns/op,470.59100142485153,508.85286605743715,511.51299930383624,511.51299930383624,511.51299930383624,511.51299930383624,1224.0032587345031,2468.1150590278203,111,91
21,21.0.8,scenarios,jmh-query-scenarios-java21/results.json,io.github.shuaibrao.cqengine.benchmark.QueryScenarioBenchmark.createResultSetReadCostAndClose,io.github.shuaibrao.cqengine.benchmark.QueryScenarioBenchmark,createResultSetReadCostAndClose,avgt,1,2,3,1 s,5,1 s,10000,"{""datasetSize"":""10000"",""scenario"":""INVERTED_RADIX_LARGE""}",428.32578667659698,9.7483740547500854,418.57741262184692,438.07416073134704,ns/op,428.27236138825913,440.77425214346363,441.74317432787058,441.74317432787058,441.74317432787058,441.74317432787058,1232.0029441658189,2742.8582435377566,118,98
21,21.0.8,scenarios,jmh-query-scenarios-java21/results.json,io.github.shuaibrao.cqengine.benchmark.QueryScenarioBenchmark.createResultSetReadCostAndClose,io.github.shuaibrao.cqengine.benchmark.QueryScenarioBenchmark,createResultSetReadCostAndClose,avgt,1,2,3,1 s,5,1 s,10000,"{""datasetSize"":""10000"",""scenario"":""NAVIGABLE_SMALL""}",724.89287463935113,22.398237133360773,702.49463750599034,747.29111177271193,ns/op,724.78132312322668,748.61086974447483,748.94891185533368,748.94891185533368,748.94891185533368,748.94891185533368,1744.0049934864696,2294.6517408547174,110,95
21,21.0.8,scenarios,jmh-query-scenarios-java21/results.json,io.github.shuaibrao.cqengine.benchmark.QueryScenarioBenchmark.createResultSetReadCostAndClose,io.github.shuaibrao.cqengine.benchmark.QueryScenarioBenchmark,createResultSetReadCostAndClose,avgt,1,2,3,1 s,5,1 s,10000,"{""datasetSize"":""10000"",""scenario"":""RADIX_LARGE""}",465.15926013422143,27.725091857226314,437.43416827699514,492.88435199144772,ns/op,465.00319650610754,493.94351821363557,494.78825727222466,494.78825727222466,494.78825727222466,494.78825727222466,1296.0031918545187,2659.5207141757501,121,105
21,21.0.8,scenarios,jmh-query-scenarios-java21/results.json,io.github.shuaibrao.cqengine.benchmark.QueryScenarioBenchmark.createResultSetReadCostAndClose,io.github.shuaibrao.cqengine.benchmark.QueryScenarioBenchmark,createResultSetReadCostAndClose,avgt,1,2,3,1 s,5,1 s,10000,"{""datasetSize"":""10000"",""scenario"":""REVERSED_RADIX_LARGE""}",468.37044314943523,17.016516832174176,451.35392631726108,485.38695998160938,ns/op,466.94978850092298,490.92372262688815,492.54177412883297,492.54177412883297,492.54177412883297,492.54177412883297,1296.0032274450573,2639.7016813888295,109,93
21,21.0.8,scenarios,jmh-query-scenarios-java21/results.json,io.github.shuaibrao.cqengine.benchmark.QueryScenarioBenchmark.createResultSetReadCostAndClose,io.github.shuaibrao.cqengine.benchmark.QueryScenarioBenchmark,createResultSetReadCostAndClose,avgt,1,2,3,1 s,5,1 s,10000,"{""datasetSize"":""10000"",""scenario"":""STANDING_MEDIUM""}",222.34768620069599,12.120701825093427,210.22698437560257,234.46838802578941,ns/op,221.17527373120907,232.90283229077426,232.98158492729476,232.98158492729476,232.98158492729476,232.98158492729476,608.00152530760386,2610.1399395031926,106,94
21,21.0.8,scenarios,jmh-query-scenarios-java21/results.json,io.github.shuaibrao.cqengine.benchmark.QueryScenarioBenchmark.createResultSetReadCostAndClose,io.github.shuaibrao.cqengine.benchmark.QueryScenarioBenchmark,createResultSetReadCostAndClose,avgt,1,2,3,1 s,5,1 s,10000,"{""datasetSize"":""10000"",""scenario"":""SUFFIX_LARGE""}",485.34225110153602,21.124753050199015,464.21749805133703,506.46700415173501,ns/op,483.76718972514612,508.30826673301084,509.07949786600068,509.07949786600068,509.07949786600068,509.07949786600068,1288.0033306008143,2532.041560064823,113,96
21,21.0.8,scenarios,jmh-query-scenarios-java21/results.json,io.github.shuaibrao.cqengine.benchmark.QueryScenarioBenchmark.createResultSetReadCostAndClose,io.github.shuaibrao.cqengine.benchmark.QueryScenarioBenchmark,createResultSetReadCostAndClose,avgt,1,2,3,1 s,5,1 s,10000,"{""datasetSize"":""10000"",""scenario"":""UNIQUE_ONE""}",235.06182225341013,10.317469703447784,224.74435254996234,245.37929195685791,ns/op,231.93996182880571,244.98727968946386,245.2349132212573,245.2349132212573,245.2349132212573,245.2349132212573,632.0016151436696,2564.7831077423771,111,99
21,21.0.8,scenarios,jmh-query-scenarios-java21/results.json,io.github.shuaibrao.cqengine.benchmark.QueryScenarioBenchmark.createResultSetReadCostAndClose,io.github.shuaibrao.cqengine.benchmark.QueryScenarioBenchmark,createResultSetReadCostAndClose,avgt,1,2,3,1 s,5,1 s,10000,"{""datasetSize"":""10000"",""scenario"":""UNIQUE_ZERO""}",227.47500905405869,6.4678662247426271,221.00714282931605,233.94287527880132,ns/op,227.18532985826585,233.68066545904932,233.76868703047683,233.76868703047683,233.76868703047683,233.76868703047683,632.00156627694469,2649.7104174288188,116,96
21,21.0.8,scenarios,jmh-query-scenarios-java21/results.json,io.github.shuaibrao.cqengine.benchmark.QueryScenarioBenchmark.firstResultAndClose,io.github.shuaibrao.cqengine.benchmark.QueryScenarioBenchmark,firstResultAndClose,avgt,1,2,3,1 s,5,1 s,10000,"{""datasetSize"":""10000"",""scenario"":""COMPOUND_LARGE""}",433.99487769205462,18.230369690731848,415.76450800132278,452.22524738278645,ns/op,436.6546491576263,448.9004552200899,449.58183819191771,449.58183819191771,449.58183819191771,449.58183819191771,952.00297868250505,2092.8524640556066,103,82
21,21.0.8,scenarios,jmh-query-scenarios-java21/results.json,io.github.shuaibrao.cqengine.benchmark.QueryScenarioBenchmark.firstResultAndClose,io.github.shuaibrao.cqengine.benchmark.QueryScenarioBenchmark,firstResultAndClose,avgt,1,2,3,1 s,5,1 s,10000,"{""datasetSize"":""10000"",""scenario"":""FALLBACK_LARGE""}",560.91526536993558,30.922241084751253,529.99302428518433,591.83750645468683,ns/op,560.41026988885312,590.90540693868229,592.1681723419041,592.1681723419041,592.1681723419041,592.1681723419041,1272.0038640029729,2164.6438967280783,116,86
21,21.0.8,scenarios,jmh-query-scenarios-java21/results.json,io.github.shuaibrao.cqengine.benchmark.QueryScenarioBenchmark.firstResultAndClose,io.github.shuaibrao.cqengine.benchmark.QueryScenarioBenchmark,firstResultAndClose,avgt,1,2,3,1 s,5,1 s,10000,"{""datasetSize"":""10000"",""scenario"":""HASH_LARGE""}",509.74175500022477,46.640560743061002,463.1011942571638,556.38231574328574,ns/op,497.46895977285885,568.51311549701052,569.40664932372624,569.40664932372624,569.40664932372624,569.40664932372624,1280.0034997376504,2401.4935481745224,108,95
21,21.0.8,scenarios,jmh-query-scenarios-java21/results.json,io.github.shuaibrao.cqengine.benchmark.QueryScenarioBenchmark.firstResultAndClose,io.github.shuaibrao.cqengine.benchmark.QueryScenarioBenchmark,firstResultAndClose,avgt,1,2,3,1 s,5,1 s,10000,"{""datasetSize"":""10000"",""scenario"":""INVERTED_RADIX_LARGE""}",519.18495419003511,15.908640015365478,503.27631417466966,535.09359420540056,ns/op,521.4820199330768,535.12494116171013,535.73297578676761,535.73297578676761,535.73297578676761,535.73297578676761,1360.0035669645567,2498.3034980235393,102,91
21,21.0.8,scenarios,jmh-query-scenarios-java21/results.json,io.github.shuaibrao.cqengine.benchmark.QueryScenarioBenchmark.firstResultAndClose,io.github.shuaibrao.cqengine.benchmark.QueryScenarioBenchmark,firstResultAndClose,avgt,1,2,3,1 s,5,1 s,10000,"{""datasetSize"":""10000"",""scenario"":""NAVIGABLE_SMALL""}",795.94762502552214,24.958316791511898,770.9893082340102,820.90594181703409,ns/op,795.24853330167798,820.78096773813081,821.41425593477709,821.41425593477709,821.41425593477709,821.41425593477709,1912.0054775374333,2291.1112248842464,114,90
21,21.0.8,scenarios,jmh-query-scenarios-java21/results.json,io.github.shuaibrao.cqengine.benchmark.QueryScenarioBenchmark.firstResultAndClose,io.github.shuaibrao.cqengine.benchmark.QueryScenarioBenchmark,firstResultAndClose,avgt,1,2,3,1 s,5,1 s,10000,"{""datasetSize"":""10000"",""scenario"":""RADIX_LARGE""}",775.86561472451444,65.311254069618755,710.55436065489573,841.17686879413316,ns/op,764.931383409055,865.54234446918838,871.54739054930997,871.54739054930997,871.54739054930997,871.54739054930997,1976.0053413788032,2434.58644543426,110,101
21,21.0.8,scenarios,jmh-query-scenarios-java21/results.json,io.github.shuaibrao.cqengine.benchmark.QueryScenarioBenchmark.firstResultAndClose,io.github.shuaibrao.cqengine.benchmark.QueryScenarioBenchmark,firstResultAndClose,avgt,1,2,3,1 s,5,1 s,10000,"{""datasetSize"":""10000"",""scenario"":""REVERSED_RADIX_LARGE""}",775.97396462386519,33.788144563939731,742.1858200599255,809.76210918780487,ns/op,777.42594690336205,812.26653717306988,813.844985049402,813.844985049402,813.844985049402,813.844985049402,2024.0053260833488,2488.6711153635983,112,96
21,21.0.8,scenarios,jmh-query-scenarios-java21/results.json,io.github.shuaibrao.cqengine.benchmark.QueryScenarioBenchmark.firstResultAndClose,io.github.shuaibrao.cqengine.benchmark.QueryScenarioBenchmark,firstResultAndClose,avgt,1,2,3,1 s,5,1 s,10000,"{""datasetSize"":""10000"",""scenario"":""STANDING_MEDIUM""}",241.34892464925292,11.451813976406022,229.89711067284691,252.80073862565894,ns/op,239.71013956288544,256.16111265642286,256.64693440122727,256.64693440122727,256.64693440122727,256.64693440122727,664.00166046269715,2625.2463644352752,114,99
21,21.0.8,scenarios,jmh-query-scenarios-java21/results.json,io.github.shuaibrao.cqengine.benchmark.QueryScenarioBenchmark.firstResultAndClose,io.github.shuaibrao.cqengine.benchmark.QueryScenarioBenchmark,firstResultAndClose,avgt,1,2,3,1 s,5,1 s,10000,"{""datasetSize"":""10000"",""scenario"":""SUFFIX_LARGE""}",811.33533247190883,59.154780686869046,752.18055178503982,870.49011315877783,ns/op,797.39839374186636,895.47486824096677,900.94979262092386,900.94979262092386,900.94979262092386,900.94979262092386,2064.0055832325206,2431.0338467738979,109,92
21,21.0.8,scenarios,jmh-query-scenarios-java21/results.json,io.github.shuaibrao.cqengine.benchmark.QueryScenarioBenchmark.firstResultAndClose,io.github.shuaibrao.cqengine.benchmark.QueryScenarioBenchmark,firstResultAndClose,avgt,1,2,3,1 s,5,1 s,10000,"{""datasetSize"":""10000"",""scenario"":""UNIQUE_ONE""}",242.57249773783042,15.723944748368194,226.84855298946223,258.2964424861986,ns/op,241.39455398384482,266.27831550728462,267.98776099731748,267.98776099731748,267.98776099731748,267.98776099731748,656.00166932804404,2582.3865135523815,111,95
21,21.0.8,scenarios,jmh-query-scenarios-java21/results.json,io.github.shuaibrao.cqengine.benchmark.QueryScenarioBenchmark.firstResultAndClose,io.github.shuaibrao.cqengine.benchmark.QueryScenarioBenchmark,firstResultAndClose,avgt,1,2,3,1 s,5,1 s,10000,"{""datasetSize"":""10000"",""scenario"":""UNIQUE_ZERO""}",260.67457517916955,54.440636216730049,206.23393896243951,315.11521139589962,ns/op,247.10280594329453,321.41918401105363,322.04610812144387,322.04610812144387,322.04610812144387,322.04610812144387,656.00179226372052,2437.6713913734416,94,98
21,21.0.8,scenarios,jmh-query-scenarios-java21/results.json,io.github.shuaibrao.cqengine.benchmark.QueryScenarioBenchmark.fullIterationAndClose,io.github.shuaibrao.cqengine.benchmark.QueryScenarioBenchmark,fullIterationAndClose,avgt,1,2,3,1 s,5,1 s,10000,"{""datasetSize"":""10000"",""scenario"":""COMPOUND_LARGE""}",20882.401006255997,733.38512380792395,20149.015882448075,21615.78613006392,ns/op,20912.371387968309,21617.408693944821,21626.705078958599,21626.705078958599,21626.705078958599,21626.705078958599,988.14338113105293,45.12627800637425,2,1
21,21.0.8,scenarios,jmh-query-scenarios-java21/results.json,io.github.shuaibrao.cqengine.benchmark.QueryScenarioBenchmark.fullIterationAndClose,io.github.shuaibrao.cqengine.benchmark.QueryScenarioBenchmark,fullIterationAndClose,avgt,1,2,3,1 s,5,1 s,10000,"{""datasetSize"":""10000"",""scenario"":""FALLBACK_LARGE""}",156455.6519358998,9659.9052308952323,146795.74670500457,166115.55716679504,ns/op,155312.8833275715,166697.32098826181,166901.73362227037,166901.73362227037,166901.73362227037,166901.73362227037,1305.0707611661196,7.9648677731232551,2,6
21,21.0.8,scenarios,jmh-query-scenarios-java21/results.json,io.github.shuaibrao.cqengine.benchmark.QueryScenarioBenchmark.fullIterationAndClose,io.github.shuaibrao.cqengine.benchmark.QueryScenarioBenchmark,fullIterationAndClose,avgt,1,2,3,1 s,5,1 s,10000,"{""datasetSize"":""10000"",""scenario"":""HASH_LARGE""}",22572.008986612589,1616.9041330415821,20955.104853571007,24188.913119654171,ns/op,22413.82106110196,23801.897307297455,23808.363403285537,23808.363403285537,23808.363403285537,23808.363403285537,1288.1547715325169,54.517962666851517,2,2
21,21.0.8,scenarios,jmh-query-scenarios-java21/results.json,io.github.shuaibrao.cqengine.benchmark.QueryScenarioBenchmark.fullIterationAndClose,io.github.shuaibrao.cqengine.benchmark.QueryScenarioBenchmark,fullIterationAndClose,avgt,1,2,3,1 s,5,1 s,10000,"{""datasetSize"":""10000"",""scenario"":""INVERTED_RADIX_LARGE""}",20864.737858583736,780.36068784290455,20084.37717074083,21645.098546426641,ns/op,20828.021668678448,21861.115371012133,21921.810005621137,21921.810005621137,21921.810005621137,21921.810005621137,1408.1433991342856,64.380502643643965,4,3
21,21.0.8,scenarios,jmh-query-scenarios-java21/results.json,io.github.shuaibrao.cqengine.benchmark.QueryScenarioBenchmark.fullIterationAndClose,io.github.shuaibrao.cqengine.benchmark.QueryScenarioBenchmark,fullIterationAndClose,avgt,1,2,3,1 s,5,1 s,10000,"{""datasetSize"":""10000"",""scenario"":""NAVIGABLE_SMALL""}",1303.1824182413397,55.237411875891311,1247.9450063654485,1358.419830117231,ns/op,1298.2517042224667,1353.3517204451514,1354.2309816849915,1354.2309816849915,1354.2309816849915,1354.2309816849915,2320.0089595285231,1698.4728495534996,90,69
21,21.0.8,scenarios,jmh-query-scenarios-java21/results.json,io.github.shuaibrao.cqengine.benchmark.QueryScenarioBenchmark.fullIterationAndClose,io.github.shuaibrao.cqengine.benchmark.QueryScenarioBenchmark,fullIterationAndClose,avgt,1,2,3,1 s,5,1 s,10000,"{""datasetSize"":""10000"",""scenario"":""RADIX_LARGE""}",25939.119362856582,1537.7388081158181,24401.380554740765,27476.858170972399,ns/op,25763.099044865332,27530.706911745889,27557.920295162909,27557.920295162909,27557.920295162909,27557.920295162909,1995.2646685873965,73.436475680562054,4,2
21,21.0.8,scenarios,jmh-query-scenarios-java21/results.json,io.github.shuaibrao.cqengine.benchmark.QueryScenarioBenchmark.fullIterationAndClose,io.github.shuaibrao.cqengine.benchmark.QueryScenarioBenchmark,fullIterationAndClose,avgt,1,2,3,1 s,5,1 s,10000,"{""datasetSize"":""10000"",""scenario"":""REVERSED_RADIX_LARGE""}",25827.832740565809,1397.7818539960049,24430.050886569803,27225.614594561815,ns/op,26056.813239373532,26803.426346324992,26819.437926621162,26819.437926621162,26819.437926621162,26819.437926621162,2043.3334493457428,75.518581787359807,4,4
21,21.0.8,scenarios,jmh-query-scenarios-java21/results.json,io.github.shuaibrao.cqengine.benchmark.QueryScenarioBenchmark.fullIterationAndClose,io.github.shuaibrao.cqengine.benchmark.QueryScenarioBenchmark,fullIterationAndClose,avgt,1,2,3,1 s,5,1 s,10000,"{""datasetSize"":""10000"",""scenario"":""STANDING_MEDIUM""}",10066.694751879304,806.08891131618179,9260.6058405631229,10872.783663195485,ns/op,10079.110380322434,10848.294216326722,10851.456446744287,10851.456446744287,10851.456446744287,10851.456446744287,664.06911893087965,63.052729144343537,4,4
21,21.0.8,scenarios,jmh-query-scenarios-java21/results.json,io.github.shuaibrao.cqengine.benchmark.QueryScenarioBenchmark.fullIterationAndClose,io.github.shuaibrao.cqengine.benchmark.QueryScenarioBenchmark,fullIterationAndClose,avgt,1,2,3,1 s,5,1 s,10000,"{""datasetSize"":""10000"",""scenario"":""SUFFIX_LARGE""}",26426.966526714688,1791.1331413771197,24635.83338533757,28218.099668091807,ns/op,26200.870431390795,28248.27810355206,28310.741724098971,28310.741724098971,28310.741724098971,28310.741724098971,2074.9789303774642,74.991223190042106,4,4
21,21.0.8,scenarios,jmh-query-scenarios-java21/results.json,io.github.shuaibrao.cqengine.benchmark.QueryScenarioBenchmark.fullIterationAndClose,io.github.shuaibrao.cqengine.benchmark.QueryScenarioBenchmark,fullIterationAndClose,avgt,1,2,3,1 s,5,1 s,10000,"{""datasetSize"":""10000"",""scenario"":""UNIQUE_ONE""}",242.26546353149729,13.875039820270576,228.3904237112267,256.14050335176785,ns/op,241.5468505335611,256.05858431606475,256.32444783289276,256.32444783289276,256.32444783289276,256.32444783289276,656.00166345792513,2584.8548628581771,94,84
21,21.0.8,scenarios,jmh-query-scenarios-java21/results.json,io.github.shuaibrao.cqengine.benchmark.QueryScenarioBenchmark.fullIterationAndClose,io.github.shuaibrao.cqengine.benchmark.QueryScenarioBenchmark,fullIterationAndClose,avgt,1,2,3,1 s,5,1 s,10000,"{""datasetSize"":""10000"",""scenario"":""UNIQUE_ZERO""}",232.96271379110243,10.611040755776049,222.35167303532637,243.57375454687849,ns/op,232.67472537529267,242.96290449701971,243.25420353318736,243.25420353318736,243.25420353318736,243.25420353318736,656.00160050419663,2686.8841207089326,109,94
21,21.0.8,scenarios,jmh-query-scenarios-java21/results.json,io.github.shuaibrao.cqengine.benchmark.QueryScenarioBenchmark.sizeAndClose,io.github.shuaibrao.cqengine.benchmark.QueryScenarioBenchmark,sizeAndClose,avgt,1,2,3,1 s,5,1 s,10000,"{""datasetSize"":""10000"",""scenario"":""COMPOUND_LARGE""}",427.25256408508193,32.894418357348059,394.35814572773387,460.14698244242999,ns/op,429.89447844846779,466.72589847680877,468.71661720721073,468.71661720721073,468.71661720721073,468.71661720721073,896.00293843660018,2004.0588369711127,107,82
21,21.0.8,scenarios,jmh-query-scenarios-java21/results.json,io.github.shuaibrao.cqengine.benchmark.QueryScenarioBenchmark.sizeAndClose,io.github.shuaibrao.cqengine.benchmark.QueryScenarioBenchmark,sizeAndClose,avgt,1,2,3,1 s,5,1 s,10000,"{""datasetSize"":""10000"",""scenario"":""FALLBACK_LARGE""}",157249.04156972183,3467.36925207271,153781.67231764912,160716.41082179453,ns/op,156791.05746029798,162034.96388206622,162328.1174382965,162328.1174382965,162328.1174382965,162328.1174382965,1257.0807322343367,7.6233142915431289,2,6
21,21.0.8,scenarios,jmh-query-scenarios-java21/results.json,io.github.shuaibrao.cqengine.benchmark.QueryScenarioBenchmark.sizeAndClose,io.github.shuaibrao.cqengine.benchmark.QueryScenarioBenchmark,sizeAndClose,avgt,1,2,3,1 s,5,1 s,10000,"{""datasetSize"":""10000"",""scenario"":""HASH_LARGE""}",498.23716991314149,18.682519908595754,479.55465000454575,516.91968982173728,ns/op,494.88044464345586,521.67053906833405,523.26793093407514,523.26793093407514,523.26793093407514,523.26793093407514,1224.0034262848371,2343.4656898475605,105,93
21,21.0.8,scenarios,jmh-query-scenarios-java21/results.json,io.github.shuaibrao.cqengine.benchmark.QueryScenarioBenchmark.sizeAndClose,io.github.shuaibrao.cqengine.benchmark.QueryScenarioBenchmark,sizeAndClose,avgt,1,2,3,1 s,5,1 s,10000,"{""datasetSize"":""10000"",""scenario"":""INVERTED_RADIX_LARGE""}",518.34048052953619,24.376632733807384,493.96384779572884,542.71711326334355,ns/op,515.70958106442322,547.68686360942627,548.86361546011017,548.86361546011017,548.86361546011017,548.86361546011017,1304.0035615066033,2400.565726162582,99,90
21,21.0.8,scenarios,jmh-query-scenarios-java21/results.json,io.github.shuaibrao.cqengine.benchmark.QueryScenarioBenchmark.sizeAndClose,io.github.shuaibrao.cqengine.benchmark.QueryScenarioBenchmark,sizeAndClose,avgt,1,2,3,1 s,5,1 s,10000,"{""datasetSize"":""10000"",""scenario"":""NAVIGABLE_SMALL""}",822.52572277367346,82.765728187605788,739.75999458606771,905.29145096127922,ns/op,813.99458834599432,914.24128824817808,918.45405059122015,918.45405059122015,918.45405059122015,918.45405059122015,1760.0056411860774,2046.9274544795148,109,84
21,21.0.8,scenarios,jmh-query-scenarios-java21/results.json,io.github.shuaibrao.cqengine.benchmark.QueryScenarioBenchmark.sizeAndClose,io.github.shuaibrao.cqengine.benchmark.QueryScenarioBenchmark,sizeAndClose,avgt,1,2,3,1 s,5,1 s,10000,"{""datasetSize"":""10000"",""scenario"":""RADIX_LARGE""}",718.43129827525468,40.989654559959249,677.44164371529541,759.42095283521394,ns/op,712.76286584918876,758.53266140683934,759.5159045959067,759.5159045959067,759.5159045959067,759.5159045959067,1920.0050087857107,2551.2783762144418,115,94
21,21.0.8,scenarios,jmh-query-scenarios-java21/results.json,io.github.shuaibrao.cqengine.benchmark.QueryScenarioBenchmark.sizeAndClose,io.github.shuaibrao.cqengine.benchmark.QueryScenarioBenchmark,sizeAndClose,avgt,1,2,3,1 s,5,1 s,10000,"{""datasetSize"":""10000"",""scenario"":""REVERSED_RADIX_LARGE""}",757.63590557295879,30.132738469945675,727.50316710301308,787.7686440429045,ns/op,765.24082663649904,781.42549014167889,782.33579492704359,782.33579492704359,782.33579492704359,782.33579492704359,1936.0052195616317,2437.7530789130042,109,94
21,21.0.8,scenarios,jmh-query-scenarios-java21/results.json,io.github.shuaibrao.cqengine.benchmark.QueryScenarioBenchmark.sizeAndClose,io.github.shuaibrao.cqengine.benchmark.QueryScenarioBenchmark,sizeAndClose,avgt,1,2,3,1 s,5,1 s,10000,"{""datasetSize"":""10000"",""scenario"":""STANDING_MEDIUM""}",219.06679360674602,12.374968192382147,206.69182541436388,231.44176179912816,ns/op,217.63033876200569,237.2291491297718,238.38718182527731,238.38718182527731,238.38718182527731,238.38718182527731,608.00150434987825,2649.240712756271,96,85
21,21.0.8,scenarios,jmh-query-scenarios-java21/results.json,io.github.shuaibrao.cqengine.benchmark.QueryScenarioBenchmark.sizeAndClose,io.github.shuaibrao.cqengine.benchmark.QueryScenarioBenchmark,sizeAndClose,avgt,1,2,3,1 s,5,1 s,10000,"{""datasetSize"":""10000"",""scenario"":""SUFFIX_LARGE""}",778.72569195941355,33.35805576855504,745.36763619085855,812.08374772796856,ns/op,776.42208166324281,814.08204552834491,814.46165505363888,814.46165505363888,814.46165505363888,814.46165505363888,2000.0053640682399,2450.3862958160703,110,91
21,21.0.8,scenarios,jmh-query-scenarios-java21/results.json,io.github.shuaibrao.cqengine.benchmark.QueryScenarioBenchmark.sizeAndClose,io.github.shuaibrao.cqengine.benchmark.QueryScenarioBenchmark,sizeAndClose,avgt,1,2,3,1 s,5,1 s,10000,"{""datasetSize"":""10000"",""scenario"":""UNIQUE_ONE""}",242.32326131834776,10.924246329247755,231.39901498910001,253.24750764759551,ns/op,240.86442896812486,259.58297313987032,261.29071314252457,261.29071314252457,261.29071314252457,261.29071314252457,632.0016633333255,2488.1684958273677,112,96
21,21.0.8,scenarios,jmh-query-scenarios-java21/results.json,io.github.shuaibrao.cqengine.benchmark.QueryScenarioBenchmark.sizeAndClose,io.github.shuaibrao.cqengine.benchmark.QueryScenarioBenchmark,sizeAndClose,avgt,1,2,3,1 s,5,1 s,10000,"{""datasetSize"":""10000"",""scenario"":""UNIQUE_ZERO""}",232.87063983227253,8.2805112402690728,224.59012859200345,241.15115107254161,ns/op,231.98685935628649,240.72128456083075,240.77247077016401,240.77247077016401,240.77247077016401,240.77247077016401,632.00159799050721,2588.7575232227873,109,95
21,21.0.8,latency,jmh-latency-java21/results.json,io.github.shuaibrao.cqengine.benchmark.PersistenceLifecycleBenchmark.pointLookupAndClose,io.github.shuaibrao.cqengine.benchmark.PersistenceLifecycleBenchmark,pointLookupAndClose,sample,1,2,3,1 s,5,1 s,10000,"{""datasetSize"":""10000"",""persistenceMode"":""DISK_WAL""}",3304.5596846254903,71.922937830339407,3232.6367467951509,3376.4826224558296,us/op,3174.4000000000001,3895.2960000000003,4157.4400000000005,5038.0799999999999,17933.844479999752,51511.296000000002,,,,
21,21.0.8,latency,jmh-latency-java21/results.json,io.github.shuaibrao.cqengine.benchmark.PersistenceLifecycleBenchmark.pointLookupAndClose,io.github.shuaibrao.cqengine.benchmark.PersistenceLifecycleBenchmark,pointLookupAndClose,sample,1,2,3,1 s,5,1 s,10000,"{""datasetSize"":""10000"",""persistenceMode"":""OFF_HEAP""}",69.435394129267138,0.1908015621191774,69.244592567147961,69.626195691386314,us/op,62.271999999999998,94.975999999999999,106.752,128.12800000000001,198.25868800000848,2666.4960000000001,,,,
21,21.0.8,latency,jmh-latency-java21/results.json,io.github.shuaibrao.cqengine.benchmark.PersistenceLifecycleBenchmark.pointLookupAndClose,io.github.shuaibrao.cqengine.benchmark.PersistenceLifecycleBenchmark,pointLookupAndClose,sample,1,2,3,1 s,5,1 s,10000,"{""datasetSize"":""10000"",""persistenceMode"":""ON_HEAP""}",0.29646420615406377,0.0037167129336059491,0.29274749322045784,0.3001809190876697,us/op,0.29999999999999999,0.40000000000000002,0.40000000000000002,0.5,9.088000000000001,121.85600000000001,,,,
21,21.0.8,latency,jmh-latency-java21/results.json,io.github.shuaibrao.cqengine.benchmark.PersistenceLifecycleBenchmark.replace,io.github.shuaibrao.cqengine.benchmark.PersistenceLifecycleBenchmark,replace,sample,1,2,3,1 s,5,1 s,10000,"{""datasetSize"":""10000"",""persistenceMode"":""DISK_WAL""}",9334.8632774193484,126.74759689610902,9208.1156805232386,9461.6108743154582,us/op,9240.5760000000009,10672.5376,11381.964800000002,13034.455040000008,20459.945983999984,20578.304,,,,
21,21.0.8,latency,jmh-latency-java21/results.json,io.github.shuaibrao.cqengine.benchmark.PersistenceLifecycleBenchmark.replace,io.github.shuaibrao.cqengine.benchmark.PersistenceLifecycleBenchmark,replace,sample,1,2,3,1 s,5,1 s,10000,"{""datasetSize"":""10000"",""persistenceMode"":""OFF_HEAP""}",205.61588115073636,0.904401754312668,204.7114793964237,206.52028290504902,us/op,188.928,264.19200000000001,305.66399999999999,372.22399999999999,851.75807999999824,5193.7280000000001,,,,
21,21.0.8,latency,jmh-latency-java21/results.json,io.github.shuaibrao.cqengine.benchmark.PersistenceLifecycleBenchmark.replace,io.github.shuaibrao.cqengine.benchmark.PersistenceLifecycleBenchmark,replace,sample,1,2,3,1 s,5,1 s,10000,"{""datasetSize"":""10000"",""persistenceMode"":""ON_HEAP""}",0.83664866334311083,0.023967828920288408,0.81268083442282246,0.8606164922633992,us/op,0.70000000000000007,1.1000000000000001,1.2,1.4000000000000001,15.785279999999329,1095.6800000000001,,,,
21,21.0.8,latency,jmh-latency-java21/results.json,io.github.shuaibrao.cqengine.benchmark.QueryScenarioBenchmark.firstResultAndClose,io.github.shuaibrao.cqengine.benchmark.QueryScenarioBenchmark,firstResultAndClose,sample,1,2,3,1 s,5,1 s,10000,"{""datasetSize"":""10000"",""scenario"":""COMPOUND_LARGE""}",0.47416657918517829,0.014908633692319888,0.45925794549285842,0.48907521287749817,us/op,0.40000000000000002,0.59999999999999998,0.70000000000000007,0.80000000000000004,10.534112000005321,1267.712,,,,
21,21.0.8,latency,jmh-latency-java21/results.json,io.github.shuaibrao.cqengine.benchmark.QueryScenarioBenchmark.firstResultAndClose,io.github.shuaibrao.cqengine.benchmark.QueryScenarioBenchmark,firstResultAndClose,sample,1,2,3,1 s,5,1 s,10000,"{""datasetSize"":""10000"",""scenario"":""FALLBACK_LARGE""}",0.62078805285133054,0.023624799150651063,0.59716325370067946,0.64441285200198162,us/op,0.5,0.80000000000000004,0.90000000000000002,1.1000000000000001,12.896000000000001,880.63999999999999,,,,
21,21.0.8,latency,jmh-latency-java21/results.json,io.github.shuaibrao.cqengine.benchmark.QueryScenarioBenchmark.firstResultAndClose,io.github.shuaibrao.cqengine.benchmark.QueryScenarioBenchmark,firstResultAndClose,sample,1,2,3,1 s,5,1 s,10000,"{""datasetSize"":""10000"",""scenario"":""HASH_LARGE""}",0.56661915035118149,0.01671094447093879,0.5499082058802427,0.58333009482212028,us/op,0.5,0.70000000000000007,0.80000000000000004,1,12.096,919.55200000000002,,,,
21,21.0.8,latency,jmh-latency-java21/results.json,io.github.shuaibrao.cqengine.benchmark.QueryScenarioBenchmark.firstResultAndClose,io.github.shuaibrao.cqengine.benchmark.QueryScenarioBenchmark,firstResultAndClose,sample,1,2,3,1 s,5,1 s,10000,"{""datasetSize"":""10000"",""scenario"":""INVERTED_RADIX_LARGE""}",0.63136251489722262,0.029255507491414538,0.60210700740580803,0.6606180223886372,us/op,0.5,0.80000000000000004,0.90000000000000002,1.1000000000000001,13.488,1163.2640000000001,,,,
21,21.0.8,latency,jmh-latency-java21/results.json,io.github.shuaibrao.cqengine.benchmark.QueryScenarioBenchmark.firstResultAndClose,io.github.shuaibrao.cqengine.benchmark.QueryScenarioBenchmark,firstResultAndClose,sample,1,2,3,1 s,5,1 s,10000,"{""datasetSize"":""10000"",""scenario"":""NAVIGABLE_SMALL""}",0.87138072856527016,0.029831944052467824,0.84154878451280235,0.90121267261773796,us/op,0.70000000000000007,1.1000000000000001,1.3,1.5,12.992000000000001,1185.7919999999999,,,,
21,21.0.8,latency,jmh-latency-java21/results.json,io.github.shuaibrao.cqengine.benchmark.QueryScenarioBenchmark.firstResultAndClose,io.github.shuaibrao.cqengine.benchmark.QueryScenarioBenchmark,firstResultAndClose,sample,1,2,3,1 s,5,1 s,10000,"{""datasetSize"":""10000"",""scenario"":""RADIX_LARGE""}",0.86872515493450431,0.05989682904438625,0.8088283258901181,0.92862198397889051,us/op,0.70000000000000007,1,1.2,1.4000000000000001,14.896000000000001,1282.048,,,,
21,21.0.8,latency,jmh-latency-java21/results.json,io.github.shuaibrao.cqengine.benchmark.QueryScenarioBenchmark.firstResultAndClose,io.github.shuaibrao.cqengine.benchmark.QueryScenarioBenchmark,firstResultAndClose,sample,1,2,3,1 s,5,1 s,10000,"{""datasetSize"":""10000"",""scenario"":""REVERSED_RADIX_LARGE""}",0.89565633876469275,0.035100929401446795,0.86055540936324593,0.93075726816613957,us/op,0.70000000000000007,1.2,1.3,1.6000000000000001,15.6,1355.7760000000001,,,,
21,21.0.8,latency,jmh-latency-java21/results.json,io.github.shuaibrao.cqengine.benchmark.QueryScenarioBenchmark.firstResultAndClose,io.github.shuaibrao.cqengine.benchmark.QueryScenarioBenchmark,firstResultAndClose,sample,1,2,3,1 s,5,1 s,10000,"{""datasetSize"":""10000"",""scenario"":""STANDING_MEDIUM""}",0.2841074728133744,0.014102792610743793,0.27000468020263058,0.29821026542411821,us/op,0.20000000000000001,0.40000000000000002,0.40000000000000002,0.5,8.2880000000000003,992.25599999999997,,,,
21,21.0.8,latency,jmh-latency-java21/results.json,io.github.shuaibrao.cqengine.benchmark.QueryScenarioBenchmark.firstResultAndClose,io.github.shuaibrao.cqengine.benchmark.QueryScenarioBenchmark,firstResultAndClose,sample,1,2,3,1 s,5,1 s,10000,"{""datasetSize"":""10000"",""scenario"":""SUFFIX_LARGE""}",0.90872594499852721,0.037590453356861286,0.87113549164166593,0.9463163983553885,us/op,0.80000000000000004,1.1000000000000001,1.3,1.6000000000000001,12.800000000000001,1347.5840000000001,,,,
21,21.0.8,latency,jmh-latency-java21/results.json,io.github.shuaibrao.cqengine.benchmark.QueryScenarioBenchmark.firstResultAndClose,io.github.shuaibrao.cqengine.benchmark.QueryScenarioBenchmark,firstResultAndClose,sample,1,2,3,1 s,5,1 s,10000,"{""datasetSize"":""10000"",""scenario"":""UNIQUE_ONE""}",0.31729731374682862,0.014849178827289138,0.30244813491953948,0.33214649257411777,us/op,0.29999999999999999,0.40000000000000002,0.5,0.59999999999999998,10.192,1010.688,,,,
21,21.0.8,latency,jmh-latency-java21/results.json,io.github.shuaibrao.cqengine.benchmark.QueryScenarioBenchmark.firstResultAndClose,io.github.shuaibrao.cqengine.benchmark.QueryScenarioBenchmark,firstResultAndClose,sample,1,2,3,1 s,5,1 s,10000,"{""datasetSize"":""10000"",""scenario"":""UNIQUE_ZERO""}",0.29301359765690294,0.0098633783571100645,0.28315021929979289,0.30287697601401298,us/op,0.20000000000000001,0.40000000000000002,0.40000000000000002,0.5,9.088000000000001,892.928,,,,
21,21.0.8,latency,jmh-latency-java21/results.json,io.github.shuaibrao.cqengine.benchmark.QueryScenarioBenchmark.fullIterationAndClose,io.github.shuaibrao.cqengine.benchmark.QueryScenarioBenchmark,fullIterationAndClose,sample,1,2,3,1 s,5,1 s,10000,"{""datasetSize"":""10000"",""scenario"":""COMPOUND_LARGE""}",21.435370946246092,0.048809776724007117,21.386561169522086,21.484180722970098,us/op,19.488,30.496000000000002,33.472000000000001,39.872,62.975999999999999,1357.8240000000001,,,,
21,21.0.8,latency,jmh-latency-java21/results.json,io.github.shuaibrao.cqengine.benchmark.QueryScenarioBenchmark.fullIterationAndClose,io.github.shuaibrao.cqengine.benchmark.QueryScenarioBenchmark,fullIterationAndClose,sample,1,2,3,1 s,5,1 s,10000,"{""datasetSize"":""10000"",""scenario"":""FALLBACK_LARGE""}",151.00669995199223,0.41343114533538805,150.59326880665685,151.42013109732761,us/op,141.82400000000001,178.94400000000002,229.12,257.79200000000003,299.18361600000412,3039.232,,,,
21,21.0.8,latency,jmh-latency-java21/results.json,io.github.shuaibrao.cqengine.benchmark.QueryScenarioBenchmark.fullIterationAndClose,io.github.shuaibrao.cqengine.benchmark.QueryScenarioBenchmark,fullIterationAndClose,sample,1,2,3,1 s,5,1 s,10000,"{""datasetSize"":""10000"",""scenario"":""HASH_LARGE""}",21.476736712710139,0.046564087213885455,21.430172625496255,21.523300799924023,us/op,19.584,30.879999999999999,33.280000000000001,39.552,61.695999999999998,1966.0799999999999,,,,
21,21.0.8,latency,jmh-latency-java21/results.json,io.github.shuaibrao.cqengine.benchmark.QueryScenarioBenchmark.fullIterationAndClose,io.github.shuaibrao.cqengine.benchmark.QueryScenarioBenchmark,fullIterationAndClose,sample,1,2,3,1 s,5,1 s,10000,"{""datasetSize"":""10000"",""scenario"":""INVERTED_RADIX_LARGE""}",22.037960338147212,0.05557174102624287,21.98238859712097,22.093532079173453,us/op,19.68,32.288000000000004,33.984000000000002,40.768000000000001,64,1529.856,,,,
21,21.0.8,latency,jmh-latency-java21/results.json,io.github.shuaibrao.cqengine.benchmark.QueryScenarioBenchmark.fullIterationAndClose,io.github.shuaibrao.cqengine.benchmark.QueryScenarioBenchmark,fullIterationAndClose,sample,1,2,3,1 s,5,1 s,10000,"{""datasetSize"":""10000"",""scenario"":""NAVIGABLE_SMALL""}",1.3970636169157058,0.047104870671631986,1.3499587462440739,1.4441684875873377,us/op,1.1000000000000001,1.9000000000000001,2.1000000000000001,2.5,20.288,1204.2239999999999,,,,
21,21.0.8,latency,jmh-latency-java21/results.json,io.github.shuaibrao.cqengine.benchmark.QueryScenarioBenchmark.fullIterationAndClose,io.github.shuaibrao.cqengine.benchmark.QueryScenarioBenchmark,fullIterationAndClose,sample,1,2,3,1 s,5,1 s,10000,"{""datasetSize"":""10000"",""scenario"":""RADIX_LARGE""}",25.709964097580912,0.080899948415400588,25.629064149165512,25.790864045996312,us/op,22.496000000000002,37.951999999999998,43.200000000000003,49.600000000000001,73.532032000001522,1734.6559999999999,,,,
21,21.0.8,latency,jmh-latency-java21/results.json,io.github.shuaibrao.cqengine.benchmark.QueryScenarioBenchmark.fullIterationAndClose,io.github.shuaibrao.cqengine.benchmark.QueryScenarioBenchmark,fullIterationAndClose,sample,1,2,3,1 s,5,1 s,10000,"{""datasetSize"":""10000"",""scenario"":""REVERSED_RADIX_LARGE""}",25.517801413679127,0.057766508293559983,25.460034905385566,25.575567921972688,us/op,23.391999999999999,35.200000000000003,38.783999999999999,45.055999999999997,68.992000000000004,1198.0799999999999,,,,
21,21.0.8,latency,jmh-latency-java21/results.json,io.github.shuaibrao.cqengine.benchmark.QueryScenarioBenchmark.fullIterationAndClose,io.github.shuaibrao.cqengine.benchmark.QueryScenarioBenchmark,fullIterationAndClose,sample,1,2,3,1 s,5,1 s,10000,"{""datasetSize"":""10000"",""scenario"":""STANDING_MEDIUM""}",9.5756936596471096,0.027197084663569984,9.54849657498354,9.6028907443106792,us/op,8.8000000000000007,13.696,15.6,19.584,33.472000000000001,1269.76,,,,
21,21.0.8,latency,jmh-latency-java21/results.json,io.github.shuaibrao.cqengine.benchmark.QueryScenarioBenchmark.fullIterationAndClose,io.github.shuaibrao.cqengine.benchmark.QueryScenarioBenchmark,fullIterationAndClose,sample,1,2,3,1 s,5,1 s,10000,"{""datasetSize"":""10000"",""scenario"":""SUFFIX_LARGE""}",25.577334981862769,0.056381807487712654,25.520953174375055,25.633716789350483,us/op,23.071999999999999,36.800000000000004,39.68,47.167999999999999,68.992000000000004,1210.3679999999999,,,,
21,21.0.8,latency,jmh-latency-java21/results.json,io.github.shuaibrao.cqengine.benchmark.QueryScenarioBenchmark.fullIterationAndClose,io.github.shuaibrao.cqengine.benchmark.QueryScenarioBenchmark,fullIterationAndClose,sample,1,2,3,1 s,5,1 s,10000,"{""datasetSize"":""10000"",""scenario"":""UNIQUE_ONE""}",0.3027357757271007,0.023858724502379938,0.27887705122472078,0.32659450022948061,us/op,0.20000000000000001,0.40000000000000002,0.40000000000000002,0.5,10.496,1284.096,,,,
21,21.0.8,latency,jmh-latency-java21/results.json,io.github.shuaibrao.cqengine.benchmark.QueryScenarioBenchmark.fullIterationAndClose,io.github.shuaibrao.cqengine.benchmark.QueryScenarioBenchmark,fullIterationAndClose,sample,1,2,3,1 s,5,1 s,10000,"{""datasetSize"":""10000"",""scenario"":""UNIQUE_ZERO""}",0.27980394792348556,0.012471292443764746,0.26733265547972079,0.29227524036725033,us/op,0.20000000000000001,0.29999999999999999,0.40000000000000002,0.5,10.4,972.80000000000007,,,,
21,21.0.8,mutation,jmh-mutation-java21/results.json,io.github.shuaibrao.cqengine.benchmark.MutationBenchmark.add,io.github.shuaibrao.cqengine.benchmark.MutationBenchmark,add,ss,1,2,1,1 s,5,1 s,1000,"{""datasetSize"":""1000""}",0.040740000000000005,0.017916937245570905,0.022823062754429101,0.05865693724557091,ms/op,0.042599999999999999,0.060700000000000004,0.061499999999999999,0.061499999999999999,0.061499999999999999,0.061499999999999999,,,,
21,21.0.8,mutation,jmh-mutation-java21/results.json,io.github.shuaibrao.cqengine.benchmark.MutationBenchmark.buildHashIndex,io.github.shuaibrao.cqengine.benchmark.MutationBenchmark,buildHashIndex,ss,1,2,1,1 s,5,1 s,10000,"{""datasetSize"":""10000""}",4.1749899999999993,3.7608393563595883,0.41415064364041099,7.9358293563595872,ms/op,3.27555,9.2295700000000007,9.4130000000000003,9.4130000000000003,9.4130000000000003,9.4130000000000003,,,,
21,21.0.8,mutation,jmh-mutation-java21/results.json,io.github.shuaibrao.cqengine.benchmark.MutationBenchmark.remove,io.github.shuaibrao.cqengine.benchmark.MutationBenchmark,remove,ss,1,2,1,1 s,5,1 s,1000,"{""datasetSize"":""1000""}",0.041119999999999997,0.01690229723294993,0.024217702767050066,0.058022297232949924,ms/op,0.040800000000000003,0.063030000000000003,0.064500000000000002,0.064500000000000002,0.064500000000000002,0.064500000000000002,,,,
21,21.0.8,mutation,jmh-mutation-java21/results.json,io.github.shuaibrao.cqengine.benchmark.MutationBenchmark.update,io.github.shuaibrao.cqengine.benchmark.MutationBenchmark,update,ss,1,2,1,1 s,5,1 s,1000,"{""datasetSize"":""1000""}",0.074339999999999989,0.018705693440651573,0.055634306559348416,0.093045693440651556,ms/op,0.079350000000000004,0.088620000000000004,0.088700000000000001,0.088700000000000001,0.088700000000000001,0.088700000000000001,,,,
21,21.0.8,allocation,jmh-mutation-allocation-java21/results.json,io.github.shuaibrao.cqengine.benchmark.MutationAllocationBenchmark.replaceWithSingletonInputs,io.github.shuaibrao.cqengine.benchmark.MutationAllocationBenchmark,replaceWithSingletonInputs,avgt,1,2,3,1 s,5,1 s,1000,"{""datasetSize"":""1000""}",554.77137228751826,24.758501842631514,530.01287044488674,579.52987413014978,ns/op,553.69252664478267,588.11083389945168,590.01091402628037,590.01091402628037,590.01091402628037,590.01091402628037,1016.0360397854807,1745.3497496386058,94,73
21,21.0.8,persistence,jmh-persistence-java21/results.json,io.github.shuaibrao.cqengine.benchmark.PersistenceLifecycleBenchmark.pointLookupAndClose,io.github.shuaibrao.cqengine.benchmark.PersistenceLifecycleBenchmark,pointLookupAndClose,avgt,1,2,3,1 s,5,1 s,10000,"{""datasetSize"":""10000"",""persistenceMode"":""DISK_WAL""}",3147.3454264880143,191.65071313658174,2955.6947133514327,3338.9961396245958,us/op,3121.1174454828661,3318.8610891089111,3318.9805280528053,3318.9805280528053,3318.9805280528053,3318.9805280528053,21700.523616264436,6.3972688368801007,0,
21,21.0.8,persistence,jmh-persistence-java21/results.json,io.github.shuaibrao.cqengine.benchmark.PersistenceLifecycleBenchmark.pointLookupAndClose,io.github.shuaibrao.cqengine.benchmark.PersistenceLifecycleBenchmark,pointLookupAndClose,avgt,1,2,3,1 s,5,1 s,10000,"{""datasetSize"":""10000"",""persistenceMode"":""OFF_HEAP""}",69.166549318515621,2.7422006997756845,66.424348618739941,71.9087500182913,us/op,68.743936321418118,72.379843420096492,72.479237532430091,72.479237532430091,72.479237532430091,72.479237532430091,13755.577305408084,188.22766820259619,12,13
21,21.0.8,persistence,jmh-persistence-java21/results.json,io.github.shuaibrao.cqengine.benchmark.PersistenceLifecycleBenchmark.pointLookupAndClose,io.github.shuaibrao.cqengine.benchmark.PersistenceLifecycleBenchmark,pointLookupAndClose,avgt,1,2,3,1 s,5,1 s,10000,"{""datasetSize"":""10000"",""persistenceMode"":""ON_HEAP""}",0.25839397319989033,0.011759520468886798,0.24663445273100354,0.27015349366877711,us/op,0.25768737919421703,0.27094101851937452,0.27142959904161562,0.27142959904161562,0.27142959904161562,0.27142959904161562,656.00976654638373,2421.8808547877561,105,87
21,21.0.8,persistence,jmh-persistence-java21/results.json,io.github.shuaibrao.cqengine.benchmark.PersistenceLifecycleBenchmark.replace,io.github.shuaibrao.cqengine.benchmark.PersistenceLifecycleBenchmark,replace,avgt,1,2,3,1 s,5,1 s,10000,"{""datasetSize"":""10000"",""persistenceMode"":""DISK_WAL""}",9317.7024176991272,401.24716528293567,8916.4552524161918,9718.9495829820626,us/op,9231.386134278564,9869.4311043285234,9894.5852941176472,9894.5852941176472,9894.5852941176472,9894.5852941176472,87996.907206612566,8.7377696918711454,0,
21,21.0.8,persistence,jmh-persistence-java21/results.json,io.github.shuaibrao.cqengine.benchmark.PersistenceLifecycleBenchmark.replace,io.github.shuaibrao.cqengine.benchmark.PersistenceLifecycleBenchmark,replace,avgt,1,2,3,1 s,5,1 s,10000,"{""datasetSize"":""10000"",""persistenceMode"":""OFF_HEAP""}",206.24266381699277,20.340914226559761,185.90174959043301,226.58357804355254,us/op,203.42086771501999,232.59864463327372,233.52809302325582,233.52809302325582,233.52809302325582,233.52809302325582,66874.428157606308,305.20770655601069,16,19
21,21.0.8,persistence,jmh-persistence-java21/results.json,io.github.shuaibrao.cqengine.benchmark.PersistenceLifecycleBenchmark.replace,io.github.shuaibrao.cqengine.benchmark.PersistenceLifecycleBenchmark,replace,avgt,1,2,3,1 s,5,1 s,10000,"{""datasetSize"":""10000"",""persistenceMode"":""ON_HEAP""}",0.69978833558430908,0.024282706826194295,0.67550562875811482,0.72407104241050335,us/op,0.69505623613438772,0.7250551788011973,0.72514659557251027,0.72514659557251027,0.72514659557251027,0.72514659557251027,1120.0266998996733,1526.0835883748518,82,60
21,21.0.8,persistence,jmh-persistence-java21/results.json,io.github.shuaibrao.cqengine.benchmark.PersistenceLifecycleBenchmark.secondaryIndexFullIterationAndClose,io.github.shuaibrao.cqengine.benchmark.PersistenceLifecycleBenchmark,secondaryIndexFullIterationAndClose,avgt,1,2,3,1 s,5,1 s,10000,"{""datasetSize"":""10000"",""persistenceMode"":""DISK_WAL""}",35248.676321839084,851.62037977005377,34397.055942069033,36100.296701609135,us/op,35284.796551724139,35945.583103448276,35952.196551724141,35952.196551724141,35952.196551724141,35952.196551724141,8472192.701609198,227.09543598101135,12,14
21,21.0.8,persistence,jmh-persistence-java21/results.json,io.github.shuaibrao.cqengine.benchmark.PersistenceLifecycleBenchmark.secondaryIndexFullIterationAndClose,io.github.shuaibrao.cqengine.benchmark.PersistenceLifecycleBenchmark,secondaryIndexFullIterationAndClose,avgt,1,2,3,1 s,5,1 s,10000,"{""datasetSize"":""10000"",""persistenceMode"":""OFF_HEAP""}",30214.350991723964,1603.3520627111277,28610.998929012836,31817.703054435093,us/op,29860.283823529411,32283.457196969695,32394.974999999999,32394.974999999999,32394.974999999999,32394.974999999999,8029888.4926203191,251.86297228085397,14,15
21,21.0.8,persistence,jmh-persistence-java21/results.json,io.github.shuaibrao.cqengine.benchmark.PersistenceLifecycleBenchmark.secondaryIndexFullIterationAndClose,io.github.shuaibrao.cqengine.benchmark.PersistenceLifecycleBenchmark,secondaryIndexFullIterationAndClose,avgt,1,2,3,1 s,5,1 s,10000,"{""datasetSize"":""10000"",""persistenceMode"":""ON_HEAP""}",20.150408745128821,2.1137664957619196,18.036642249366903,22.26417524089074,us/op,19.8160053353987,22.321804873489409,22.3300088163985,22.3300088163985,22.3300088163985,22.3300088163985,1280.7318689207573,60.839809222606597,4,4
21,21.0.8,persistence,jmh-persistence-java21/results.json,io.github.shuaibrao.cqengine.benchmark.PersistenceLifecycleBenchmark.secondaryIndexSizeAndClose,io.github.shuaibrao.cqengine.benchmark.PersistenceLifecycleBenchmark,secondaryIndexSizeAndClose,avgt,1,2,3,1 s,5,1 s,10000,"{""datasetSize"":""10000"",""persistenceMode"":""DISK_WAL""}",3314.041531919162,218.85402205701908,3095.1875098621431,3532.895553976181,us/op,3301.3796109938862,3654.5005523809527,3688.8714285714286,3688.8714285714286,3688.8714285714286,3688.8714285714286,21583.962579032581,6.0457600166923076,0,
21,21.0.8,persistence,jmh-persistence-java21/results.json,io.github.shuaibrao.cqengine.benchmark.PersistenceLifecycleBenchmark.secondaryIndexSizeAndClose,io.github.shuaibrao.cqengine.benchmark.PersistenceLifecycleBenchmark,secondaryIndexSizeAndClose,avgt,1,2,3,1 s,5,1 s,10000,"{""datasetSize"":""10000"",""persistenceMode"":""OFF_HEAP""}",198.41899456815602,6.0350387038253785,192.38395586433063,204.45403327198142,us/op,198.05684363831136,204.02038748615988,204.09453029686864,204.09453029686864,204.09453029686864,204.09453029686864,13613.318784206765,64.543391890873963,4,4
21,21.0.8,persistence,jmh-persistence-java21/results.json,io.github.shuaibrao.cqengine.benchmark.PersistenceLifecycleBenchmark.secondaryIndexSizeAndClose,io.github.shuaibrao.cqengine.benchmark.PersistenceLifecycleBenchmark,secondaryIndexSizeAndClose,avgt,1,2,3,1 s,5,1 s,10000,"{""datasetSize"":""10000"",""persistenceMode"":""ON_HEAP""}",0.48246524743266522,0.018612781503796964,0.46385246592886825,0.50107802893646214,us/op,0.48344621177285707,0.5044771487148797,0.50573150346388784,0.50573150346388784,0.50573150346388784,0.50573150346388784,1224.0179460766863,2419.8336430850413,119,91
21,21.0.8,concurrency,jmh-concurrency-java21/results.json,io.github.shuaibrao.cqengine.benchmark.ConcurrentReadWriteBenchmark.readHeavy,io.github.shuaibrao.cqengine.benchmark.ConcurrentReadWriteBenchmark,readHeavy,thrpt,4,2,3,1 s,5,1 s,10000,"{""datasetSize"":""10000"",""persistenceMode"":""DISK_WAL""}",404.71346749816814,22.192899934998788,382.52056756316938,426.90636743316691,ops/s,407.06025805235777,420.59117086783465,420.74907019656712,420.74907019656712,420.74907019656712,420.74907019656712,,,,
21,21.0.8,concurrency,jmh-concurrency-java21/results.json,io.github.shuaibrao.cqengine.benchmark.ConcurrentReadWriteBenchmark.readHeavy,io.github.shuaibrao.cqengine.benchmark.ConcurrentReadWriteBenchmark,readHeavy,thrpt,4,2,3,1 s,5,1 s,10000,"{""datasetSize"":""10000"",""persistenceMode"":""OFF_HEAP""}",14.310595840707146,0.64396706104558266,13.666628779661563,14.954562901752729,ops/s,14.353898889005798,14.846734235671441,14.849847757628558,14.849847757628558,14.849847757628558,14.849847757628558,,,,
21,21.0.8,concurrency,jmh-concurrency-java21/results.json,io.github.shuaibrao.cqengine.benchmark.ConcurrentReadWriteBenchmark.readHeavy,io.github.shuaibrao.cqengine.benchmark.ConcurrentReadWriteBenchmark,readHeavy,thrpt,4,2,3,1 s,5,1 s,10000,"{""datasetSize"":""10000"",""persistenceMode"":""ON_HEAP""}",1078959.6483032729,78279.880678654561,1000679.7676246184,1157239.5289819275,ops/s,1083414.3465553951,1164041.6088901937,1168589.5081418778,1168589.5081418778,1168589.5081418778,1168589.5081418778,,,,
21,21.0.8,concurrency,jmh-concurrency-java21/results.json,io.github.shuaibrao.cqengine.benchmark.ConcurrentReadWriteBenchmark.readOnly,io.github.shuaibrao.cqengine.benchmark.ConcurrentReadWriteBenchmark,readOnly,thrpt,4,2,3,1 s,5,1 s,10000,"{""datasetSize"":""10000"",""persistenceMode"":""DISK_WAL""}",88.204257935498475,4.0593864635862582,84.144871471912211,92.26364439908474,ops/s,87.976692800346285,92.673703784715173,92.802954184737544,92.802954184737544,92.802954184737544,92.802954184737544,,,,
21,21.0.8,concurrency,jmh-concurrency-java21/results.json,io.github.shuaibrao.cqengine.benchmark.ConcurrentReadWriteBenchmark.readOnly,io.github.shuaibrao.cqengine.benchmark.ConcurrentReadWriteBenchmark,readOnly,thrpt,4,2,3,1 s,5,1 s,10000,"{""datasetSize"":""10000"",""persistenceMode"":""OFF_HEAP""}",10.297521205576446,0.4756580376657038,9.8218631679107418,10.773179243242151,ops/s,10.210021398868104,10.912426844478325,10.934395752180762,10.934395752180762,10.934395752180762,10.934395752180762,,,,
21,21.0.8,concurrency,jmh-concurrency-java21/results.json,io.github.shuaibrao.cqengine.benchmark.ConcurrentReadWriteBenchmark.readOnly,io.github.shuaibrao.cqengine.benchmark.ConcurrentReadWriteBenchmark,readOnly,thrpt,4,2,3,1 s,5,1 s,10000,"{""datasetSize"":""10000"",""persistenceMode"":""ON_HEAP""}",139532.57439797249,12904.755687170744,126627.81871080174,152437.33008514324,ops/s,140486.04152235799,149891.36728272206,149974.58106539634,149974.58106539634,149974.58106539634,149974.58106539634,,,,
21,21.0.8,concurrency,jmh-concurrency-java21/results.json,io.github.shuaibrao.cqengine.benchmark.ConcurrentReadWriteBenchmark.writeHeavy,io.github.shuaibrao.cqengine.benchmark.ConcurrentReadWriteBenchmark,writeHeavy,thrpt,4,2,3,1 s,5,1 s,10000,"{""datasetSize"":""10000"",""persistenceMode"":""DISK_WAL""}",447.73902821532545,51.081899518291642,396.65712869703378,498.82092773361711,ops/s,449.92536595964862,515.42525078223719,521.33783756177513,521.33783756177513,521.33783756177513,521.33783756177513,,,,
21,21.0.8,concurrency,jmh-concurrency-java21/results.json,io.github.shuaibrao.cqengine.benchmark.ConcurrentReadWriteBenchmark.writeHeavy,io.github.shuaibrao.cqengine.benchmark.ConcurrentReadWriteBenchmark,writeHeavy,thrpt,4,2,3,1 s,5,1 s,10000,"{""datasetSize"":""10000"",""persistenceMode"":""OFF_HEAP""}",123.03140695005941,3.4380542517786337,119.59335269828077,126.46946120183804,ops/s,122.91838234375348,127.05869267976009,127.24967790301288,127.24967790301288,127.24967790301288,127.24967790301288,,,,
21,21.0.8,concurrency,jmh-concurrency-java21/results.json,io.github.shuaibrao.cqengine.benchmark.ConcurrentReadWriteBenchmark.writeHeavy,io.github.shuaibrao.cqengine.benchmark.ConcurrentReadWriteBenchmark,writeHeavy,thrpt,4,2,3,1 s,5,1 s,10000,"{""datasetSize"":""10000"",""persistenceMode"":""ON_HEAP""}",2404967.4545863681,138564.07346728494,2266403.3811190831,2543531.528053653,ops/s,2389245.7831125301,2515145.937501532,2515443.93285002,2515443.93285002,2515443.93285002,2515443.93285002,,,,
25,25.0.3,query,jmh/results.json,io.github.shuaibrao.cqengine.benchmark.QueryLifecycleBenchmark.constructCompoundQuery,io.github.shuaibrao.cqengine.benchmark.QueryLifecycleBenchmark,constructCompoundQuery,avgt,1,2,3,1 s,5,1 s,10000,"{""datasetSize"":""10000""}",64.441282205899441,2.2612597698348678,62.180022436064576,66.702541975734306,ns/op,64.664843560591152,66.786829991346366,66.813652889907146,66.813652889907146,66.813652889907146,66.813652889907146,416.00044883236632,6157.6957026692271,95,97
25,25.0.3,query,jmh/results.json,io.github.shuaibrao.cqengine.benchmark.QueryLifecycleBenchmark.createResultSetReadCostAndClose,io.github.shuaibrao.cqengine.benchmark.QueryLifecycleBenchmark,createResultSetReadCostAndClose,avgt,1,2,3,1 s,5,1 s,10000,"{""datasetSize"":""10000""}",68896.693990405591,1995.2429443671465,66901.451046038448,70891.936934772733,ns/op,68937.301993343848,70762.71274290928,70794.136370066481,70794.136370066481,70794.136370066481,70794.136370066481,98704.482938900939,1366.3120195379686,41,45
25,25.0.3,query,jmh/results.json,io.github.shuaibrao.cqengine.benchmark.QueryLifecycleBenchmark.firstResultAndClose,io.github.shuaibrao.cqengine.benchmark.QueryLifecycleBenchmark,firstResultAndClose,avgt,1,2,3,1 s,5,1 s,10000,"{""datasetSize"":""10000""}",85929.903249955649,5422.1184420784066,80507.784807877237,91352.021692034061,ns/op,84782.669749643566,94105.265344008032,94806.286092966009,94806.286092966009,94806.286092966009,94806.286092966009,98992.60082050944,1099.8940491175474,40,62
25,25.0.3,query,jmh/results.json,io.github.shuaibrao.cqengine.benchmark.QueryLifecycleBenchmark.fullIterationAndClose,io.github.shuaibrao.cqengine.benchmark.QueryLifecycleBenchmark,fullIterationAndClose,avgt,1,2,3,1 s,5,1 s,10000,"{""datasetSize"":""10000""}",127316.53448542401,16458.112682398758,110858.42180302525,143774.64716782275,ns/op,126062.91695060287,142838.6676533079,143125.71795970853,143125.71795970853,143125.71795970853,143125.71795970853,98872.890104930164,745.25928519713545,32,53
25,25.0.3,query,jmh/results.json,io.github.shuaibrao.cqengine.benchmark.QueryLifecycleBenchmark.sizeAndClose,io.github.shuaibrao.cqengine.benchmark.QueryLifecycleBenchmark,sizeAndClose,avgt,1,2,3,1 s,5,1 s,10000,"{""datasetSize"":""10000""}",125951.93105556497,18726.487351793065,107225.4437037719,144678.41840735803,ns/op,125061.98321847952,144664.01060079792,145566.96740395809,145566.96740395809,145566.96740395809,145566.96740395809,98908.880404999858,755.10468130792913,33,57
25,25.0.3,query,jmh/results.json,io.github.shuaibrao.cqengine.benchmark.QueryLifecycleBenchmark.unindexedFullIterationAndClose,io.github.shuaibrao.cqengine.benchmark.QueryLifecycleBenchmark,unindexedFullIterationAndClose,avgt,1,2,3,1 s,5,1 s,10000,"{""datasetSize"":""10000""}",139418.29101143408,6545.2575755380167,132873.03343589607,145963.54858697209,ns/op,140465.03304327288,144020.8873209423,144021.96806214933,144021.96806214933,144021.96806214933,144021.96806214933,1304.966827864617,8.9315667892059771,0,
25,25.0.3,scenarios,jmh-query-scenarios/results.json,io.github.shuaibrao.cqengine.benchmark.QueryScenarioBenchmark.createResultSetReadCostAndClose,io.github.shuaibrao.cqengine.benchmark.QueryScenarioBenchmark,createResultSetReadCostAndClose,avgt,1,2,3,1 s,5,1 s,10000,"{""datasetSize"":""10000"",""scenario"":""COMPOUND_LARGE""}",363.05565475117839,23.899195272369283,339.1564594788091,386.95485002354769,ns/op,356.35482360616379,391.91552175407696,392.01996742108116,392.01996742108116,392.01996742108116,392.01996742108116,896.00252860976366,2356.5250471736099,70,68
25,25.0.3,scenarios,jmh-query-scenarios/results.json,io.github.shuaibrao.cqengine.benchmark.QueryScenarioBenchmark.createResultSetReadCostAndClose,io.github.shuaibrao.cqengine.benchmark.QueryScenarioBenchmark,createResultSetReadCostAndClose,avgt,1,2,3,1 s,5,1 s,10000,"{""datasetSize"":""10000"",""scenario"":""FALLBACK_LARGE""}",339.04660197881429,19.416207302174428,319.63039467663987,358.46280928098872,ns/op,339.57071541660218,366.6310062550927,369.10278353633794,369.10278353633794,369.10278353633794,369.10278353633794,1056.0023622966564,2973.1914714193463,86,82
25,25.0.3,scenarios,jmh-query-scenarios/results.json,io.github.shuaibrao.cqengine.benchmark.QueryScenarioBenchmark.createResultSetReadCostAndClose,io.github.shuaibrao.cqengine.benchmark.QueryScenarioBenchmark,createResultSetReadCostAndClose,avgt,1,2,3,1 s,5,1 s,10000,"{""datasetSize"":""10000"",""scenario"":""HASH_LARGE""}",455.84175408148093,18.60533277373559,437.23642130774533,474.44708685521653,ns/op,450.22713498543237,473.10624056079888,473.25586503925928,473.25586503925928,473.25586503925928,473.25586503925928,1200.0031744493767,2511.4623006600445,75,69
25,25.0.3,scenarios,jmh-query-scenarios/results.json,io.github.shuaibrao.cqengine.benchmark.QueryScenarioBenchmark.createResultSetReadCostAndClose,io.github.shuaibrao.cqengine.benchmark.QueryScenarioBenchmark,createResultSetReadCostAndClose,avgt,1,2,3,1 s,5,1 s,10000,"{""datasetSize"":""10000"",""scenario"":""INVERTED_RADIX_LARGE""}",428.4088376596161,23.144118918879787,405.26471874073633,451.55295657849587,ns/op,431.0742950305725,450.45574532450132,451.07683402591761,451.07683402591761,451.07683402591761,451.07683402591761,1208.0029808304296,2691.2107912769752,80,76
25,25.0.3,scenarios,jmh-query-scenarios/results.json,io.github.shuaibrao.cqengine.benchmark.QueryScenarioBenchmark.createResultSetReadCostAndClose,io.github.shuaibrao.cqengine.benchmark.QueryScenarioBenchmark,createResultSetReadCostAndClose,avgt,1,2,3,1 s,5,1 s,10000,"{""datasetSize"":""10000"",""scenario"":""NAVIGABLE_SMALL""}",704.33876195969913,25.169596799871773,679.16916515982734,729.50835875957091,ns/op,701.63861567208176,728.84755498606535,729.66118871941444,729.66118871941444,729.66118871941444,729.66118871941444,1720.0049028351191,2329.4298658743323,67,66
25,25.0.3,scenarios,jmh-query-scenarios/results.json,io.github.shuaibrao.cqengine.benchmark.QueryScenarioBenchmark.createResultSetReadCostAndClose,io.github.shuaibrao.cqengine.benchmark.QueryScenarioBenchmark,createResultSetReadCostAndClose,avgt,1,2,3,1 s,5,1 s,10000,"{""datasetSize"":""10000"",""scenario"":""RADIX_LARGE""}",452.89749234609644,20.585247052240042,432.31224529385639,473.48273939833649,ns/op,453.18062838848527,472.39165018145928,473.23949457223705,473.23949457223705,473.23949457223705,473.23949457223705,1208.0031518593451,2545.0974138535853,76,76
25,25.0.3,scenarios,jmh-query-scenarios/results.json,io.github.shuaibrao.cqengine.benchmark.QueryScenarioBenchmark.createResultSetReadCostAndClose,io.github.shuaibrao.cqengine.benchmark.QueryScenarioBenchmark,createResultSetReadCostAndClose,avgt,1,2,3,1 s,5,1 s,10000,"{""datasetSize"":""10000"",""scenario"":""REVERSED_RADIX_LARGE""}",458.78450591612835,22.556352543921552,436.2281533722068,481.3408584600499,ns/op,459.44964027511617,485.22690822559127,486.53144542291489,486.53144542291489,486.53144542291489,486.53144542291489,1208.0031942802452,2512.7635473053938,75,76
25,25.0.3,scenarios,jmh-query-scenarios/results.json,io.github.shuaibrao.cqengine.benchmark.QueryScenarioBenchmark.createResultSetReadCostAndClose,io.github.shuaibrao.cqengine.benchmark.QueryScenarioBenchmark,createResultSetReadCostAndClose,avgt,1,2,3,1 s,5,1 s,10000,"{""datasetSize"":""10000"",""scenario"":""STANDING_MEDIUM""}",213.87183433080713,15.547600636194755,198.32423369461239,229.41943496700188,ns/op,212.92630784760507,227.3382339820117,227.46566686593633,227.46566686593633,227.46566686593633,227.46566686593633,608.00148782366171,2716.0462192343248,76,73
25,25.0.3,scenarios,jmh-query-scenarios/results.json,io.github.shuaibrao.cqengine.benchmark.QueryScenarioBenchmark.createResultSetReadCostAndClose,io.github.shuaibrao.cqengine.benchmark.QueryScenarioBenchmark,createResultSetReadCostAndClose,avgt,1,2,3,1 s,5,1 s,10000,"{""datasetSize"":""10000"",""scenario"":""SUFFIX_LARGE""}",464.01609322337936,40.711467040307383,423.30462618307195,504.72756026368677,ns/op,456.51907593796022,528.45730936046266,534.85178204752515,534.85178204752515,534.85178204752515,534.85178204752515,1208.0032300553598,2488.8579818593512,75,73
25,25.0.3,scenarios,jmh-query-scenarios/results.json,io.github.shuaibrao.cqengine.benchmark.QueryScenarioBenchmark.createResultSetReadCostAndClose,io.github.shuaibrao.cqengine.benchmark.QueryScenarioBenchmark,createResultSetReadCostAndClose,avgt,1,2,3,1 s,5,1 s,10000,"{""datasetSize"":""10000"",""scenario"":""UNIQUE_ONE""}",232.36743465496761,16.552159124189536,215.81527553077808,248.91959377915714,ns/op,230.4727758666225,251.94135663463751,252.70352894885647,252.70352894885647,252.70352894885647,252.70352894885647,632.0016174408338,2598.194474816054,75,70
25,25.0.3,scenarios,jmh-query-scenarios/results.json,io.github.shuaibrao.cqengine.benchmark.QueryScenarioBenchmark.createResultSetReadCostAndClose,io.github.shuaibrao.cqengine.benchmark.QueryScenarioBenchmark,createResultSetReadCostAndClose,avgt,1,2,3,1 s,5,1 s,10000,"{""datasetSize"":""10000"",""scenario"":""UNIQUE_ZERO""}",228.16382500462254,7.161432371229834,221.0023926333927,235.32525737585237,ns/op,229.03672082093573,234.00008928745433,234.11266496652482,234.11266496652482,234.11266496652482,234.11266496652482,632.00158880427193,2641.8908138540746,71,67
25,25.0.3,scenarios,jmh-query-scenarios/results.json,io.github.shuaibrao.cqengine.benchmark.QueryScenarioBenchmark.firstResultAndClose,io.github.shuaibrao.cqengine.benchmark.QueryScenarioBenchmark,firstResultAndClose,avgt,1,2,3,1 s,5,1 s,10000,"{""datasetSize"":""10000"",""scenario"":""COMPOUND_LARGE""}",414.179018653139,37.631934645082247,376.54708400805674,451.81095329822125,ns/op,407.13532916058455,459.33467441845283,461.68734095298367,461.68734095298367,461.68734095298367,461.68734095298367,952.0028829945968,2198.3685105392656,65,76
25,25.0.3,scenarios,jmh-query-scenarios/results.json,io.github.shuaibrao.cqengine.benchmark.QueryScenarioBenchmark.firstResultAndClose,io.github.shuaibrao.cqengine.benchmark.QueryScenarioBenchmark,firstResultAndClose,avgt,1,2,3,1 s,5,1 s,10000,"{""datasetSize"":""10000"",""scenario"":""FALLBACK_LARGE""}",518.20921109448784,17.645125042695192,500.56408605179263,535.85433613718305,ns/op,518.54762293806243,537.80011285090677,538.55643103925047,538.55643103925047,538.55643103925047,538.55643103925047,1256.0036072744522,2311.9131052855801,69,59
25,25.0.3,scenarios,jmh-query-scenarios/results.json,io.github.shuaibrao.cqengine.benchmark.QueryScenarioBenchmark.firstResultAndClose,io.github.shuaibrao.cqengine.benchmark.QueryScenarioBenchmark,firstResultAndClose,avgt,1,2,3,1 s,5,1 s,10000,"{""datasetSize"":""10000"",""scenario"":""HASH_LARGE""}",502.73605241806274,58.486953770918731,444.24909864714402,561.22300618898146,ns/op,494.08202053325238,573.24292701659647,573.69596787041803,573.69596787041803,573.69596787041803,573.69596787041803,1256.0034994235668,2393.8329459847982,72,71
25,25.0.3,scenarios,jmh-query-scenarios/results.json,io.github.shuaibrao.cqengine.benchmark.QueryScenarioBenchmark.firstResultAndClose,io.github.shuaibrao.cqengine.benchmark.QueryScenarioBenchmark,firstResultAndClose,avgt,1,2,3,1 s,5,1 s,10000,"{""datasetSize"":""10000"",""scenario"":""INVERTED_RADIX_LARGE""}",514.08170379362434,29.401547166581476,484.68015662704289,543.48325096020585,ns/op,508.95216216437586,552.93338031791689,554.42782816837416,554.42782816837416,554.42782816837416,554.42782816837416,1312.0035791244538,2436.3067634525905,73,71
25,25.0.3,scenarios,jmh-query-scenarios/results.json,io.github.shuaibrao.cqengine.benchmark.QueryScenarioBenchmark.firstResultAndClose,io.github.shuaibrao.cqengine.benchmark.QueryScenarioBenchmark,firstResultAndClose,avgt,1,2,3,1 s,5,1 s,10000,"{""datasetSize"":""10000"",""scenario"":""NAVIGABLE_SMALL""}",769.76471776543224,48.149127787153134,721.6155899782791,817.91384555258537,ns/op,771.43068101800907,822.50357584396284,825.57730598516844,825.57730598516844,825.57730598516844,825.57730598516844,1912.0053564968125,2371.7636517643705,63,61
25,25.0.3,scenarios,jmh-query-scenarios/results.json,io.github.shuaibrao.cqengine.benchmark.QueryScenarioBenchmark.firstResultAndClose,io.github.shuaibrao.cqengine.benchmark.QueryScenarioBenchmark,firstResultAndClose,avgt,1,2,3,1 s,5,1 s,10000,"{""datasetSize"":""10000"",""scenario"":""RADIX_LARGE""}",708.58341293727597,22.882409500434125,685.7010034368418,731.46582243771013,ns/op,706.6036819531987,741.59837914281479,744.08638969396532,744.08638969396532,744.08638969396532,744.08638969396532,1916.0049309226245,2578.9785994926287,76,73
25,25.0.3,scenarios,jmh-query-scenarios/results.json,io.github.shuaibrao.cqengine.benchmark.QueryScenarioBenchmark.firstResultAndClose,io.github.shuaibrao.cqengine.benchmark.QueryScenarioBenchmark,firstResultAndClose,avgt,1,2,3,1 s,5,1 s,10000,"{""datasetSize"":""10000"",""scenario"":""REVERSED_RADIX_LARGE""}",733.45320360797257,62.492307448368749,670.96089615960386,795.94551105634127,ns/op,719.64580690934031,831.69069791488084,840.60216524101941,840.60216524101941,840.60216524101941,840.60216524101941,1940.0051047422119,2527.3255582042793,75,76
25,25.0.3,scenarios,jmh-query-scenarios/results.json,io.github.shuaibrao.cqengine.benchmark.QueryScenarioBenchmark.firstResultAndClose,io.github.shuaibrao.cqengine.benchmark.QueryScenarioBenchmark,firstResultAndClose,avgt,1,2,3,1 s,5,1 s,10000,"{""datasetSize"":""10000"",""scenario"":""STANDING_MEDIUM""}",224.91260335449397,7.6838175820772197,217.22878577241676,232.59642093657118,ns/op,223.92210357121661,234.42946391852379,235.06443998167919,235.06443998167919,235.06443998167919,235.06443998167919,664.00156559426762,2815.9606738791126,82,80
25,25.0.3,scenarios,jmh-query-scenarios/results.json,io.github.shuaibrao.cqengine.benchmark.QueryScenarioBenchmark.firstResultAndClose,io.github.shuaibrao.cqengine.benchmark.QueryScenarioBenchmark,firstResultAndClose,avgt,1,2,3,1 s,5,1 s,10000,"{""datasetSize"":""10000"",""scenario"":""SUFFIX_LARGE""}",727.71535369241133,24.561744580747714,703.15360911166363,752.27709827315903,ns/op,730.1932536202662,750.37032953305402,750.75045848428545,750.75045848428545,750.75045848428545,750.75045848428545,1984.0050633986452,2600.5436436603331,77,70
25,25.0.3,scenarios,jmh-query-scenarios/results.json,io.github.shuaibrao.cqengine.benchmark.QueryScenarioBenchmark.firstResultAndClose,io.github.shuaibrao.cqengine.benchmark.QueryScenarioBenchmark,firstResultAndClose,avgt,1,2,3,1 s,5,1 s,10000,"{""datasetSize"":""10000"",""scenario"":""UNIQUE_ONE""}",234.43322330973578,12.754548998799631,221.67867431093615,247.18777230853541,ns/op,235.06593936462161,247.70910751480653,248.05303511905529,248.05303511905529,248.05303511905529,248.05303511905529,656.00163184704468,2670.9462946048038,78,77
25,25.0.3,scenarios,jmh-query-scenarios/results.json,io.github.shuaibrao.cqengine.benchmark.QueryScenarioBenchmark.firstResultAndClose,io.github.shuaibrao.cqengine.benchmark.QueryScenarioBenchmark,firstResultAndClose,avgt,1,2,3,1 s,5,1 s,10000,"{""datasetSize"":""10000"",""scenario"":""UNIQUE_ZERO""}",245.22695307506825,32.205039501472022,213.02191357359624,277.43199257654027,ns/op,238.3155533790914,285.93426710650658,287.23631198347107,287.23631198347107,287.23631198347107,287.23631198347107,656.00170708694668,2566.6843623429318,73,73
25,25.0.3,scenarios,jmh-query-scenarios/results.json,io.github.shuaibrao.cqengine.benchmark.QueryScenarioBenchmark.fullIterationAndClose,io.github.shuaibrao.cqengine.benchmark.QueryScenarioBenchmark,fullIterationAndClose,avgt,1,2,3,1 s,5,1 s,10000,"{""datasetSize"":""10000"",""scenario"":""COMPOUND_LARGE""}",20163.91288894997,722.01686349884062,19441.896025451129,20885.92975244881,ns/op,20234.699394178238,21145.993877770627,21235.766888091854,21235.766888091854,21235.766888091854,21235.766888091854,976.14001181343735,46.176946538048888,4,10
25,25.0.3,scenarios,jmh-query-scenarios/results.json,io.github.shuaibrao.cqengine.benchmark.QueryScenarioBenchmark.fullIterationAndClose,io.github.shuaibrao.cqengine.benchmark.QueryScenarioBenchmark,fullIterationAndClose,avgt,1,2,3,1 s,5,1 s,10000,"{""datasetSize"":""10000"",""scenario"":""FALLBACK_LARGE""}",141922.28514570944,5394.216302104197,136528.06884360523,147316.50144781364,ns/op,142148.97094897862,148305.45051476904,148710.13523554764,148710.13523554764,148710.13523554764,148710.13523554764,1304.9892275774746,8.7714939890058545,2,5
25,25.0.3,scenarios,jmh-query-scenarios/results.json,io.github.shuaibrao.cqengine.benchmark.QueryScenarioBenchmark.fullIterationAndClose,io.github.shuaibrao.cqengine.benchmark.QueryScenarioBenchmark,fullIterationAndClose,avgt,1,2,3,1 s,5,1 s,10000,"{""datasetSize"":""10000"",""scenario"":""HASH_LARGE""}",20246.117884095114,1190.189545715366,19055.928338379748,21436.30742981048,ns/op,20326.627368539499,21512.632272306411,21557.446029215324,21557.446029215324,21557.446029215324,21557.446029215324,1256.3432546167628,59.243053679058889,4,10
25,25.0.3,scenarios,jmh-query-scenarios/results.json,io.github.shuaibrao.cqengine.benchmark.QueryScenarioBenchmark.fullIterationAndClose,io.github.shuaibrao.cqengine.benchmark.QueryScenarioBenchmark,fullIterationAndClose,avgt,1,2,3,1 s,5,1 s,10000,"{""datasetSize"":""10000"",""scenario"":""INVERTED_RADIX_LARGE""}",19874.264077196945,743.85844971710924,19130.405627479835,20618.122526914056,ns/op,19993.150854639818,20475.442389514952,20488.73565099957,20488.73565099957,20488.73565099957,20488.73565099957,1360.330882559058,65.295021990430655,2,5
25,25.0.3,scenarios,jmh-query-scenarios/results.json,io.github.shuaibrao.cqengine.benchmark.QueryScenarioBenchmark.fullIterationAndClose,io.github.shuaibrao.cqengine.benchmark.QueryScenarioBenchmark,fullIterationAndClose,avgt,1,2,3,1 s,5,1 s,10000,"{""datasetSize"":""10000"",""scenario"":""NAVIGABLE_SMALL""}",1196.5502038486825,73.337265426565011,1123.2129384221175,1269.8874692752474,ns/op,1180.401629040447,1304.3183493050801,1312.9419080930877,1312.9419080930877,1312.9419080930877,1312.9419080930877,2312.0083365110668,1844.8065979323085,54,54
25,25.0.3,scenarios,jmh-query-scenarios/results.json,io.github.shuaibrao.cqengine.benchmark.QueryScenarioBenchmark.fullIterationAndClose,io.github.shuaibrao.cqengine.benchmark.QueryScenarioBenchmark,fullIterationAndClose,avgt,1,2,3,1 s,5,1 s,10000,"{""datasetSize"":""10000"",""scenario"":""RADIX_LARGE""}",22912.433314664624,1714.0297343829766,21198.403580281647,24626.463049047601,ns/op,23115.630075659086,24107.809041596065,24117.145404597813,24117.145404597813,24117.145404597813,24117.145404597813,1908.1593233976248,79.577416084152091,4,8
25,25.0.3,scenarios,jmh-query-scenarios/results.json,io.github.shuaibrao.cqengine.benchmark.QueryScenarioBenchmark.fullIterationAndClose,io.github.shuaibrao.cqengine.benchmark.QueryScenarioBenchmark,fullIterationAndClose,avgt,1,2,3,1 s,5,1 s,10000,"{""datasetSize"":""10000"",""scenario"":""REVERSED_RADIX_LARGE""}",24849.149687918783,933.97507977744351,23915.17460814134,25783.124767696227,ns/op,24689.821531165311,26125.932101633389,26199.306972121973,26199.306972121973,26199.306972121973,26199.306972121973,1969.1600575644593,75.59400232487657,4,11
25,25.0.3,scenarios,jmh-query-scenarios/results.json,io.github.shuaibrao.cqengine.benchmark.QueryScenarioBenchmark.fullIterationAndClose,io.github.shuaibrao.cqengine.benchmark.QueryScenarioBenchmark,fullIterationAndClose,avgt,1,2,3,1 s,5,1 s,10000,"{""datasetSize"":""10000"",""scenario"":""STANDING_MEDIUM""}",8963.6995173877403,668.15886081555811,8295.5406565721823,9631.8583782032983,ns/op,8954.7459879146918,9882.7114070353982,9953.4796019900496,9953.4796019900496,9953.4796019900496,9953.4796019900496,664.062281528114,70.77596513355823,3,6
25,25.0.3,scenarios,jmh-query-scenarios/results.json,io.github.shuaibrao.cqengine.benchmark.QueryScenarioBenchmark.fullIterationAndClose,io.github.shuaibrao.cqengine.benchmark.QueryScenarioBenchmark,fullIterationAndClose,avgt,1,2,3,1 s,5,1 s,10000,"{""datasetSize"":""10000"",""scenario"":""SUFFIX_LARGE""}",23606.094509351562,2714.7343233532702,20891.360185998292,26320.828832704832,ns/op,24322.390837714913,26465.768361296407,26644.224571869923,26644.224571869923,26644.224571869923,26644.224571869923,2048.4563506160821,83.1658595575486,4,9
25,25.0.3,scenarios,jmh-query-scenarios/results.json,io.github.shuaibrao.cqengine.benchmark.QueryScenarioBenchmark.fullIterationAndClose,io.github.shuaibrao.cqengine.benchmark.QueryScenarioBenchmark,fullIterationAndClose,avgt,1,2,3,1 s,5,1 s,10000,"{""datasetSize"":""10000"",""scenario"":""UNIQUE_ONE""}",225.25087545469941,9.4051203284326768,215.84575512626674,234.65599578313208,ns/op,223.65705804423288,239.20265830638365,240.16138898037923,240.16138898037923,240.16138898037923,240.16138898037923,656.00156909969178,2778.4815920183519,80,79
25,25.0.3,scenarios,jmh-query-scenarios/results.json,io.github.shuaibrao.cqengine.benchmark.QueryScenarioBenchmark.fullIterationAndClose,io.github.shuaibrao.cqengine.benchmark.QueryScenarioBenchmark,fullIterationAndClose,avgt,1,2,3,1 s,5,1 s,10000,"{""datasetSize"":""10000"",""scenario"":""UNIQUE_ZERO""}",219.63393052525149,10.611088344401347,209.02284218085015,230.24501886965282,ns/op,217.99315695502673,232.26003383562463,232.93101680003701,232.93101680003701,232.93101680003701,232.93101680003701,656.00152913909187,2850.2103424843631,80,74
25,25.0.3,scenarios,jmh-query-scenarios/results.json,io.github.shuaibrao.cqengine.benchmark.QueryScenarioBenchmark.sizeAndClose,io.github.shuaibrao.cqengine.benchmark.QueryScenarioBenchmark,sizeAndClose,avgt,1,2,3,1 s,5,1 s,10000,"{""datasetSize"":""10000"",""scenario"":""COMPOUND_LARGE""}",382.72394195239656,23.156237222282535,359.56770473011403,405.88017917467909,ns/op,379.35138353952328,411.03110166215595,412.12286281028241,412.12286281028241,412.12286281028241,412.12286281028241,896.00266391021432,2235.2266591571761,66,61
25,25.0.3,scenarios,jmh-query-scenarios/results.json,io.github.shuaibrao.cqengine.benchmark.QueryScenarioBenchmark.sizeAndClose,io.github.shuaibrao.cqengine.benchmark.QueryScenarioBenchmark,sizeAndClose,avgt,1,2,3,1 s,5,1 s,10000,"{""datasetSize"":""10000"",""scenario"":""FALLBACK_LARGE""}",140418.44432990879,12778.751269267801,127639.69306064099,153197.1955991766,ns/op,136781.76089033659,159078.3815763233,160347.94937520026,160347.94937520026,160347.94937520026,160347.94937520026,1256.9783833430722,8.5603692820730011,2,4
25,25.0.3,scenarios,jmh-query-scenarios/results.json,io.github.shuaibrao.cqengine.benchmark.QueryScenarioBenchmark.sizeAndClose,io.github.shuaibrao.cqengine.benchmark.QueryScenarioBenchmark,sizeAndClose,avgt,1,2,3,1 s,5,1 s,10000,"{""datasetSize"":""10000"",""scenario"":""HASH_LARGE""}",473.95361024955508,31.357890172138358,442.59572007741673,505.31150042169344,ns/op,466.37884490345624,515.29164611461272,516.98012018717827,516.98012018717827,516.98012018717827,516.98012018717827,1200.0032993692519,2417.9949509701146,73,71
25,25.0.3,scenarios,jmh-query-scenarios/results.json,io.github.shuaibrao.cqengine.benchmark.QueryScenarioBenchmark.sizeAndClose,io.github.shuaibrao.cqengine.benchmark.QueryScenarioBenchmark,sizeAndClose,avgt,1,2,3,1 s,5,1 s,10000,"{""datasetSize"":""10000"",""scenario"":""INVERTED_RADIX_LARGE""}",502.69436514130359,25.562599603173691,477.13176553812991,528.25696474447727,ns/op,497.96062138135022,533.4741476771394,534.56092452349424,534.56092452349424,534.56092452349424,534.56092452349424,1256.0034994415744,2384.5554699716504,71,69
25,25.0.3,scenarios,jmh-query-scenarios/results.json,io.github.shuaibrao.cqengine.benchmark.QueryScenarioBenchmark.sizeAndClose,io.github.shuaibrao.cqengine.benchmark.QueryScenarioBenchmark,sizeAndClose,avgt,1,2,3,1 s,5,1 s,10000,"{""datasetSize"":""10000"",""scenario"":""NAVIGABLE_SMALL""}",801.01205482145053,39.336216802376555,761.67583801907404,840.34827162382703,ns/op,791.27437334616798,855.03354185099818,858.17578175267022,858.17578175267022,858.17578175267022,858.17578175267022,1752.0055764359338,2087.2155166826656,60,63
25,25.0.3,scenarios,jmh-query-scenarios/results.json,io.github.shuaibrao.cqengine.benchmark.QueryScenarioBenchmark.sizeAndClose,io.github.shuaibrao.cqengine.benchmark.QueryScenarioBenchmark,sizeAndClose,avgt,1,2,3,1 s,5,1 s,10000,"{""datasetSize"":""10000"",""scenario"":""RADIX_LARGE""}",691.17653092279375,24.990896509756958,666.18563441303684,716.16742743255065,ns/op,688.2442385217937,721.6790797783533,722.58539336960473,722.58539336960473,722.58539336960473,722.58539336960473,1824.004811190812,2517.3718922023872,75,69
25,25.0.3,scenarios,jmh-query-scenarios/results.json,io.github.shuaibrao.cqengine.benchmark.QueryScenarioBenchmark.sizeAndClose,io.github.shuaibrao.cqengine.benchmark.QueryScenarioBenchmark,sizeAndClose,avgt,1,2,3,1 s,5,1 s,10000,"{""datasetSize"":""10000"",""scenario"":""REVERSED_RADIX_LARGE""}",741.48547616322378,68.175521030647701,673.30995513257608,809.66099719387148,ns/op,738.17373046312719,803.80361260656616,805.05318164182927,805.05318164182927,805.05318164182927,805.05318164182927,1856.0051627037676,2393.2665949038405,72,74
25,25.0.3,scenarios,jmh-query-scenarios/results.json,io.github.shuaibrao.cqengine.benchmark.QueryScenarioBenchmark.sizeAndClose,io.github.shuaibrao.cqengine.benchmark.QueryScenarioBenchmark,sizeAndClose,avgt,1,2,3,1 s,5,1 s,10000,"{""datasetSize"":""10000"",""scenario"":""STANDING_MEDIUM""}",209.32695503454602,7.4212947031112604,201.90566033143475,216.74824973765729,ns/op,209.03955808012668,215.34033207476131,215.39860737455732,215.39860737455732,215.39860737455732,215.39860737455732,608.00145738446975,2770.6638037828588,81,75
25,25.0.3,scenarios,jmh-query-scenarios/results.json,io.github.shuaibrao.cqengine.benchmark.QueryScenarioBenchmark.sizeAndClose,io.github.shuaibrao.cqengine.benchmark.QueryScenarioBenchmark,sizeAndClose,avgt,1,2,3,1 s,5,1 s,10000,"{""datasetSize"":""10000"",""scenario"":""SUFFIX_LARGE""}",740.75463135774885,74.769822047300323,665.98480931044855,815.52445340504914,ns/op,727.9775801756789,832.93160508869812,835.91104190440228,835.91104190440228,835.91104190440228,835.91104190440228,1840.0051565004028,2377.3761156609062,71,72
25,25.0.3,scenarios,jmh-query-scenarios/results.json,io.github.shuaibrao.cqengine.benchmark.QueryScenarioBenchmark.sizeAndClose,io.github.shuaibrao.cqengine.benchmark.QueryScenarioBenchmark,sizeAndClose,avgt,1,2,3,1 s,5,1 s,10000,"{""datasetSize"":""10000"",""scenario"":""UNIQUE_ONE""}",229.17346025011784,9.7715337580291237,219.40192649208871,238.94499400814698,ns/op,227.98294415737064,240.96704270833717,241.26922559558906,241.26922559558906,241.26922559558906,241.26922559558906,632.00159609876653,2631.1402569511361,76,72
25,25.0.3,scenarios,jmh-query-scenarios/results.json,io.github.shuaibrao.cqengine.benchmark.QueryScenarioBenchmark.sizeAndClose,io.github.shuaibrao.cqengine.benchmark.QueryScenarioBenchmark,sizeAndClose,avgt,1,2,3,1 s,5,1 s,10000,"{""datasetSize"":""10000"",""scenario"":""UNIQUE_ZERO""}",219.02750184586429,4.8886875802636673,214.13881426560062,223.91618942612797,ns/op,219.22579133671135,223.3583182688231,223.50204423125192,223.50204423125192,223.50204423125192,223.50204423125192,632.00152544428852,2751.5493959910568,78,75
25,25.0.3,latency,jmh-latency-java25/results.json,io.github.shuaibrao.cqengine.benchmark.PersistenceLifecycleBenchmark.pointLookupAndClose,io.github.shuaibrao.cqengine.benchmark.PersistenceLifecycleBenchmark,pointLookupAndClose,sample,1,2,3,1 s,5,1 s,10000,"{""datasetSize"":""10000"",""persistenceMode"":""DISK_WAL""}",3373.6719865274481,57.341473347734883,3316.3305131797133,3431.0134598751829,us/op,3178.4960000000001,4218.8800000000001,4661.2480000000005,6255.4112000000332,14175.109120000347,26443.776000000002,,,,
25,25.0.3,latency,jmh-latency-java25/results.json,io.github.shuaibrao.cqengine.benchmark.PersistenceLifecycleBenchmark.pointLookupAndClose,io.github.shuaibrao.cqengine.benchmark.PersistenceLifecycleBenchmark,pointLookupAndClose,sample,1,2,3,1 s,5,1 s,10000,"{""datasetSize"":""10000"",""persistenceMode"":""OFF_HEAP""}",67.793994054325367,0.25519557222274386,67.538798482102621,68.049189626548113,us/op,61.056000000000004,89.088000000000008,104.06400000000001,121.81119999999926,170.92224000000209,3350.5280000000002,,,,
25,25.0.3,latency,jmh-latency-java25/results.json,io.github.shuaibrao.cqengine.benchmark.PersistenceLifecycleBenchmark.pointLookupAndClose,io.github.shuaibrao.cqengine.benchmark.PersistenceLifecycleBenchmark,pointLookupAndClose,sample,1,2,3,1 s,5,1 s,10000,"{""datasetSize"":""10000"",""persistenceMode"":""ON_HEAP""}",0.30233794242759565,0.026418706438155744,0.2759192359894399,0.3287566488657514,us/op,0.20000000000000001,0.40000000000000002,0.40000000000000002,0.5,7.2000000000000002,1241.088,,,,
25,25.0.3,latency,jmh-latency-java25/results.json,io.github.shuaibrao.cqengine.benchmark.PersistenceLifecycleBenchmark.replace,io.github.shuaibrao.cqengine.benchmark.PersistenceLifecycleBenchmark,replace,sample,1,2,3,1 s,5,1 s,10000,"{""datasetSize"":""10000"",""persistenceMode"":""DISK_WAL""}",8705.9379688041554,132.29956159847177,8573.6384072056844,8838.2375304026264,us/op,8634.3680000000004,9805.8240000000005,10321.92,13150.617600000029,22900.57216000004,23134.207999999999,,,,
25,25.0.3,latency,jmh-latency-java25/results.json,io.github.shuaibrao.cqengine.benchmark.PersistenceLifecycleBenchmark.replace,io.github.shuaibrao.cqengine.benchmark.PersistenceLifecycleBenchmark,replace,sample,1,2,3,1 s,5,1 s,10000,"{""datasetSize"":""10000"",""persistenceMode"":""OFF_HEAP""}",194.31720456759817,0.96832744951014826,193.34887711808801,195.28553201710832,us/op,179.45600000000002,246.01599999999999,289.79200000000003,335.26271999999881,474.6460160000064,4259.8400000000001,,,,
25,25.0.3,latency,jmh-latency-java25/results.json,io.github.shuaibrao.cqengine.benchmark.PersistenceLifecycleBenchmark.replace,io.github.shuaibrao.cqengine.benchmark.PersistenceLifecycleBenchmark,replace,sample,1,2,3,1 s,5,1 s,10000,"{""datasetSize"":""10000"",""persistenceMode"":""ON_HEAP""}",0.7408139151842984,0.038022538276463159,0.70279137690783522,0.77883645346076158,us/op,0.59999999999999998,0.90000000000000002,1.1000000000000001,1.3,12.800000000000001,2342.9120000000003,,,,
25,25.0.3,latency,jmh-latency-java25/results.json,io.github.shuaibrao.cqengine.benchmark.QueryScenarioBenchmark.firstResultAndClose,io.github.shuaibrao.cqengine.benchmark.QueryScenarioBenchmark,firstResultAndClose,sample,1,2,3,1 s,5,1 s,10000,"{""datasetSize"":""10000"",""scenario"":""COMPOUND_LARGE""}",0.45541665774255752,0.029959311424354526,0.42545734631820298,0.48537596916691206,us/op,0.40000000000000002,0.59999999999999998,0.70000000000000007,0.80000000000000004,12,1771.52,,,,
25,25.0.3,latency,jmh-latency-java25/results.json,io.github.shuaibrao.cqengine.benchmark.QueryScenarioBenchmark.firstResultAndClose,io.github.shuaibrao.cqengine.benchmark.QueryScenarioBenchmark,firstResultAndClose,sample,1,2,3,1 s,5,1 s,10000,"{""datasetSize"":""10000"",""scenario"":""FALLBACK_LARGE""}",0.57617969327608509,0.01194771380615701,0.56423197946992809,0.58812740708224209,us/op,0.5,0.70000000000000007,0.80000000000000004,1,12.592000000000001,999.42399999999998,,,,
25,25.0.3,latency,jmh-latency-java25/results.json,io.github.shuaibrao.cqengine.benchmark.QueryScenarioBenchmark.firstResultAndClose,io.github.shuaibrao.cqengine.benchmark.QueryScenarioBenchmark,firstResultAndClose,sample,1,2,3,1 s,5,1 s,10000,"{""datasetSize"":""10000"",""scenario"":""HASH_LARGE""}",0.5343908153816167,0.021654868572157301,0.51273594680945944,0.55604568395377396,us/op,0.5,0.70000000000000007,0.80000000000000004,0.90000000000000002,12.868256000000985,1269.76,,,,
25,25.0.3,latency,jmh-latency-java25/results.json,io.github.shuaibrao.cqengine.benchmark.QueryScenarioBenchmark.firstResultAndClose,io.github.shuaibrao.cqengine.benchmark.QueryScenarioBenchmark,firstResultAndClose,sample,1,2,3,1 s,5,1 s,10000,"{""datasetSize"":""10000"",""scenario"":""INVERTED_RADIX_LARGE""}",0.57942578128863609,0.027996477136856129,0.55142930415177993,0.60742225842549225,us/op,0.5,0.70000000000000007,0.90000000000000002,1,12.096,1226.752,,,,
25,25.0.3,latency,jmh-latency-java25/results.json,io.github.shuaibrao.cqengine.benchmark.QueryScenarioBenchmark.firstResultAndClose,io.github.shuaibrao.cqengine.benchmark.QueryScenarioBenchmark,firstResultAndClose,sample,1,2,3,1 s,5,1 s,10000,"{""datasetSize"":""10000"",""scenario"":""NAVIGABLE_SMALL""}",0.85584523453839201,0.051855578769147606,0.80398965576924442,0.9077008133075396,us/op,0.70000000000000007,1,1.2,1.4000000000000001,15.888,1234.944,,,,
25,25.0.3,latency,jmh-latency-java25/results.json,io.github.shuaibrao.cqengine.benchmark.QueryScenarioBenchmark.firstResultAndClose,io.github.shuaibrao.cqengine.benchmark.QueryScenarioBenchmark,firstResultAndClose,sample,1,2,3,1 s,5,1 s,10000,"{""datasetSize"":""10000"",""scenario"":""RADIX_LARGE""}",0.79156002267076164,0.049985692599811324,0.7415743300709503,0.84154571527057298,us/op,0.70000000000000007,1,1.2,1.4000000000000001,14.096,2621.4400000000001,,,,
25,25.0.3,latency,jmh-latency-java25/results.json,io.github.shuaibrao.cqengine.benchmark.QueryScenarioBenchmark.firstResultAndClose,io.github.shuaibrao.cqengine.benchmark.QueryScenarioBenchmark,firstResultAndClose,sample,1,2,3,1 s,5,1 s,10000,"{""datasetSize"":""10000"",""scenario"":""REVERSED_RADIX_LARGE""}",0.80898320419474434,0.040187857794857292,0.768795346399887,0.84917106198960168,us/op,0.70000000000000007,1,1.2,1.4000000000000001,13.792,1099.7760000000001,,,,
25,25.0.3,latency,jmh-latency-java25/results.json,io.github.shuaibrao.cqengine.benchmark.QueryScenarioBenchmark.firstResultAndClose,io.github.shuaibrao.cqengine.benchmark.QueryScenarioBenchmark,firstResultAndClose,sample,1,2,3,1 s,5,1 s,10000,"{""datasetSize"":""10000"",""scenario"":""STANDING_MEDIUM""}",0.28547062060907957,0.012064019864002982,0.27340660074507661,0.29753464047308253,us/op,0.20000000000000001,0.40000000000000002,0.40000000000000002,0.5,9.8643840000014755,826.36800000000005,,,,
25,25.0.3,latency,jmh-latency-java25/results.json,io.github.shuaibrao.cqengine.benchmark.QueryScenarioBenchmark.firstResultAndClose,io.github.shuaibrao.cqengine.benchmark.QueryScenarioBenchmark,firstResultAndClose,sample,1,2,3,1 s,5,1 s,10000,"{""datasetSize"":""10000"",""scenario"":""SUFFIX_LARGE""}",0.84599619911611579,0.036551362591144533,0.80944483652497123,0.88254756170726034,us/op,0.70000000000000007,1.1000000000000001,1.3,1.5,13.488,1312.768,,,,
25,25.0.3,latency,jmh-latency-java25/results.json,io.github.shuaibrao.cqengine.benchmark.QueryScenarioBenchmark.firstResultAndClose,io.github.shuaibrao.cqengine.benchmark.QueryScenarioBenchmark,firstResultAndClose,sample,1,2,3,1 s,5,1 s,10000,"{""datasetSize"":""10000"",""scenario"":""UNIQUE_ONE""}",0.27662531938804003,0.018957144567185301,0.25766817482085475,0.29558246395522531,us/op,0.20000000000000001,0.29999999999999999,0.40000000000000002,0.5,8.8065280000027268,937.98400000000004,,,,
25,25.0.3,latency,jmh-latency-java25/results.json,io.github.shuaibrao.cqengine.benchmark.QueryScenarioBenchmark.firstResultAndClose,io.github.shuaibrao.cqengine.benchmark.QueryScenarioBenchmark,firstResultAndClose,sample,1,2,3,1 s,5,1 s,10000,"{""datasetSize"":""10000"",""scenario"":""UNIQUE_ZERO""}",0.25815171419551164,0.0083743480705524669,0.24977736612495918,0.26652606226606412,us/op,0.20000000000000001,0.29999999999999999,0.40000000000000002,0.5,7.007296000000089,835.58400000000006,,,,
25,25.0.3,latency,jmh-latency-java25/results.json,io.github.shuaibrao.cqengine.benchmark.QueryScenarioBenchmark.fullIterationAndClose,io.github.shuaibrao.cqengine.benchmark.QueryScenarioBenchmark,fullIterationAndClose,sample,1,2,3,1 s,5,1 s,10000,"{""datasetSize"":""10000"",""scenario"":""COMPOUND_LARGE""}",20.189823986537075,0.066990566450553915,20.122833420086522,20.256814552987628,us/op,18.591999999999999,29.600000000000001,32.480000000000004,37.055999999999997,54.64332800000161,3186.6880000000001,,,,
25,25.0.3,latency,jmh-latency-java25/results.json,io.github.shuaibrao.cqengine.benchmark.QueryScenarioBenchmark.fullIterationAndClose,io.github.shuaibrao.cqengine.benchmark.QueryScenarioBenchmark,fullIterationAndClose,sample,1,2,3,1 s,5,1 s,10000,"{""datasetSize"":""10000"",""scenario"":""FALLBACK_LARGE""}",140.52799527578978,0.57037201554219608,139.95762326024757,141.09836729133198,us/op,129.28,167.16800000000001,220.672,243.71200000000002,454.21977600004527,3678.2080000000001,,,,
25,25.0.3,latency,jmh-latency-java25/results.json,io.github.shuaibrao.cqengine.benchmark.QueryScenarioBenchmark.fullIterationAndClose,io.github.shuaibrao.cqengine.benchmark.QueryScenarioBenchmark,fullIterationAndClose,sample,1,2,3,1 s,5,1 s,10000,"{""datasetSize"":""10000"",""scenario"":""HASH_LARGE""}",20.592873737914896,0.085742939247435659,20.507130798667461,20.678616677162331,us/op,18.687999999999999,29.792000000000002,32.480000000000004,38.271999999999998,66.86016000000015,3145.7280000000001,,,,
25,25.0.3,latency,jmh-latency-java25/results.json,io.github.shuaibrao.cqengine.benchmark.QueryScenarioBenchmark.fullIterationAndClose,io.github.shuaibrao.cqengine.benchmark.QueryScenarioBenchmark,fullIterationAndClose,sample,1,2,3,1 s,5,1 s,10000,"{""datasetSize"":""10000"",""scenario"":""INVERTED_RADIX_LARGE""}",20.078506493349828,0.065634152590643147,20.012872340759184,20.144140645940471,us/op,18.495999999999999,29.184000000000001,32.576000000000001,37.375999999999998,53.567999999999998,2760.7040000000002,,,,
25,25.0.3,latency,jmh-latency-java25/results.json,io.github.shuaibrao.cqengine.benchmark.QueryScenarioBenchmark.fullIterationAndClose,io.github.shuaibrao.cqengine.benchmark.QueryScenarioBenchmark,fullIterationAndClose,sample,1,2,3,1 s,5,1 s,10000,"{""datasetSize"":""10000"",""scenario"":""NAVIGABLE_SMALL""}",1.4819368313969921,0.047484710533328367,1.4344521208636638,1.5294215419303203,us/op,1.2,2.1000000000000001,2.3000000000000003,2.6000000000000001,18.080000000000002,1658.8800000000001,,,,
25,25.0.3,latency,jmh-latency-java25/results.json,io.github.shuaibrao.cqengine.benchmark.QueryScenarioBenchmark.fullIterationAndClose,io.github.shuaibrao.cqengine.benchmark.QueryScenarioBenchmark,fullIterationAndClose,sample,1,2,3,1 s,5,1 s,10000,"{""datasetSize"":""10000"",""scenario"":""RADIX_LARGE""}",26.118912961384154,0.094292576310898726,26.024620385073256,26.213205537695053,us/op,23.68,37.439999999999998,40.256,45.695999999999998,68.096000000000004,2899.9679999999998,,,,
25,25.0.3,latency,jmh-latency-java25/results.json,io.github.shuaibrao.cqengine.benchmark.QueryScenarioBenchmark.fullIterationAndClose,io.github.shuaibrao.cqengine.benchmark.QueryScenarioBenchmark,fullIterationAndClose,sample,1,2,3,1 s,5,1 s,10000,"{""datasetSize"":""10000"",""scenario"":""REVERSED_RADIX_LARGE""}",25.359689665154882,0.083443819927140034,25.276245845227741,25.443133485082022,us/op,23.391999999999999,36.096000000000004,39.359999999999999,44.864000000000004,67.456000000000003,2441.2159999999999,,,,
25,25.0.3,latency,jmh-latency-java25/results.json,io.github.shuaibrao.cqengine.benchmark.QueryScenarioBenchmark.fullIterationAndClose,io.github.shuaibrao.cqengine.benchmark.QueryScenarioBenchmark,fullIterationAndClose,sample,1,2,3,1 s,5,1 s,10000,"{""datasetSize"":""10000"",""scenario"":""STANDING_MEDIUM""}",9.7998124266923767,0.020466748754270517,9.7793456779381067,9.8202791754466467,us/op,8.6880000000000006,15.200000000000001,16.288,19.391999999999999,33.600000000000001,259.584,,,,
25,25.0.3,latency,jmh-latency-java25/results.json,io.github.shuaibrao.cqengine.benchmark.QueryScenarioBenchmark.fullIterationAndClose,io.github.shuaibrao.cqengine.benchmark.QueryScenarioBenchmark,fullIterationAndClose,sample,1,2,3,1 s,5,1 s,10000,"{""datasetSize"":""10000"",""scenario"":""SUFFIX_LARGE""}",26.438385357250691,0.11202778660752312,26.326357570643168,26.550413143858215,us/op,24,37.759999999999998,40.448,46.399999999999999,65.280000000000001,4579.3280000000004,,,,
25,25.0.3,latency,jmh-latency-java25/results.json,io.github.shuaibrao.cqengine.benchmark.QueryScenarioBenchmark.fullIterationAndClose,io.github.shuaibrao.cqengine.benchmark.QueryScenarioBenchmark,fullIterationAndClose,sample,1,2,3,1 s,5,1 s,10000,"{""datasetSize"":""10000"",""scenario"":""UNIQUE_ONE""}",0.29368915916267108,0.034253228507152712,0.25943593065551834,0.32794238766982381,us/op,0.20000000000000001,0.29999999999999999,0.40000000000000002,0.5,10.688000000000001,2699.2640000000001,,,,
25,25.0.3,latency,jmh-latency-java25/results.json,io.github.shuaibrao.cqengine.benchmark.QueryScenarioBenchmark.fullIterationAndClose,io.github.shuaibrao.cqengine.benchmark.QueryScenarioBenchmark,fullIterationAndClose,sample,1,2,3,1 s,5,1 s,10000,"{""datasetSize"":""10000"",""scenario"":""UNIQUE_ZERO""}",0.2714414497658223,0.016965452541535076,0.25447599722428721,0.28840690230735738,us/op,0.20000000000000001,0.29999999999999999,0.40000000000000002,0.5,9.164272000004539,1372.1600000000001,,,,
25,25.0.3,mutation,jmh-mutation/results.json,io.github.shuaibrao.cqengine.benchmark.MutationBenchmark.add,io.github.shuaibrao.cqengine.benchmark.MutationBenchmark,add,ss,1,2,1,1 s,5,1 s,1000,"{""datasetSize"":""1000""}",0.051250000000000004,0.022764960095388993,0.028485039904611011,0.074014960095388993,ms/op,0.048399999999999999,0.085080000000000017,0.087900000000000006,0.087900000000000006,0.087900000000000006,0.087900000000000006,,,,
25,25.0.3,mutation,jmh-mutation/results.json,io.github.shuaibrao.cqengine.benchmark.MutationBenchmark.buildHashIndex,io.github.shuaibrao.cqengine.benchmark.MutationBenchmark,buildHashIndex,ss,1,2,1,1 s,5,1 s,10000,"{""datasetSize"":""10000""}",2.5474099999999997,1.3374087710111675,1.2100012289888322,3.884818771011167,ms/op,2.2000999999999999,4.0609799999999998,4.1017999999999999,4.1017999999999999,4.1017999999999999,4.1017999999999999,,,,
25,25.0.3,mutation,jmh-mutation/results.json,io.github.shuaibrao.cqengine.benchmark.MutationBenchmark.remove,io.github.shuaibrao.cqengine.benchmark.MutationBenchmark,remove,ss,1,2,1,1 s,5,1 s,1000,"{""datasetSize"":""1000""}",0.037949999999999998,0.015335107829753737,0.022614892170246259,0.053285107829753736,ms/op,0.03705,0.054059999999999997,0.054399999999999997,0.054399999999999997,0.054399999999999997,0.054399999999999997,,,,
25,25.0.3,mutation,jmh-mutation/results.json,io.github.shuaibrao.cqengine.benchmark.MutationBenchmark.update,io.github.shuaibrao.cqengine.benchmark.MutationBenchmark,update,ss,1,2,1,1 s,5,1 s,1000,"{""datasetSize"":""1000""}",0.044489999999999995,0.015892561740251349,0.028597438259748646,0.060382561740251348,ms/op,0.041249999999999995,0.060560000000000003,0.061100000000000002,0.061100000000000002,0.061100000000000002,0.061100000000000002,,,,
25,25.0.3,allocation,jmh-mutation-allocation/results.json,io.github.shuaibrao.cqengine.benchmark.MutationAllocationBenchmark.replaceWithSingletonInputs,io.github.shuaibrao.cqengine.benchmark.MutationAllocationBenchmark,replaceWithSingletonInputs,avgt,1,2,3,1 s,5,1 s,1000,"{""datasetSize"":""1000""}",510.30087597565819,39.006115901320698,471.29476007433749,549.30699187697883,ns/op,512.85689853106066,557.5909524980658,560.1728699571662,560.1728699571662,560.1728699571662,560.1728699571662,804.03360658389829,1504.0494155397889,55,54
25,25.0.3,persistence,jmh-persistence/results.json,io.github.shuaibrao.cqengine.benchmark.PersistenceLifecycleBenchmark.pointLookupAndClose,io.github.shuaibrao.cqengine.benchmark.PersistenceLifecycleBenchmark,pointLookupAndClose,avgt,1,2,3,1 s,5,1 s,10000,"{""datasetSize"":""10000"",""persistenceMode"":""DISK_WAL""}",3117.0837258632955,207.83822086332083,2909.2455049999749,3324.9219467266162,us/op,3062.8913131444983,3345.6935333333331,3346.0593333333331,3346.0593333333331,3346.0593333333331,3346.0593333333331,21357.79378380848,6.3162089537083208,0,
25,25.0.3,persistence,jmh-persistence/results.json,io.github.shuaibrao.cqengine.benchmark.PersistenceLifecycleBenchmark.pointLookupAndClose,io.github.shuaibrao.cqengine.benchmark.PersistenceLifecycleBenchmark,pointLookupAndClose,avgt,1,2,3,1 s,5,1 s,10000,"{""datasetSize"":""10000"",""persistenceMode"":""OFF_HEAP""}",69.32385776828724,7.2937434177742642,62.030114350512974,76.617601186061506,us/op,67.394418821008941,77.144046119791994,77.28572862769326,77.28572862769326,77.28572862769326,77.28572862769326,13559.110601375418,185.52205938462535,11,43
25,25.0.3,persistence,jmh-persistence/results.json,io.github.shuaibrao.cqengine.benchmark.PersistenceLifecycleBenchmark.pointLookupAndClose,io.github.shuaibrao.cqengine.benchmark.PersistenceLifecycleBenchmark,pointLookupAndClose,avgt,1,2,3,1 s,5,1 s,10000,"{""datasetSize"":""10000"",""persistenceMode"":""ON_HEAP""}",0.23716547437059568,0.0080959442030249067,0.22906953016757078,0.24526141857362058,us/op,0.23703658801332264,0.24741654292924825,0.24812215503399948,0.24812215503399948,0.24812215503399948,0.24812215503399948,656.00918658099522,2637.8533818046062,74,70
25,25.0.3,persistence,jmh-persistence/results.json,io.github.shuaibrao.cqengine.benchmark.PersistenceLifecycleBenchmark.replace,io.github.shuaibrao.cqengine.benchmark.PersistenceLifecycleBenchmark,replace,avgt,1,2,3,1 s,5,1 s,10000,"{""datasetSize"":""10000"",""persistenceMode"":""DISK_WAL""}",8934.9945837410141,275.56827286007194,8659.4263108809428,9210.5628566010855,us/op,8961.857407553729,9196.256788990826,9197.1376146788989,9197.1376146788989,9197.1376146788989,9197.1376146788989,85552.21807936173,8.872216483304129,0,
25,25.0.3,persistence,jmh-persistence/results.json,io.github.shuaibrao.cqengine.benchmark.PersistenceLifecycleBenchmark.replace,io.github.shuaibrao.cqengine.benchmark.PersistenceLifecycleBenchmark,replace,avgt,1,2,3,1 s,5,1 s,10000,"{""datasetSize"":""10000"",""persistenceMode"":""OFF_HEAP""}",188.63352882558075,13.227367512144808,175.40616131343594,201.86089633772556,us/op,185.14986141223156,207.06312855254168,207.95524620818617,207.95524620818617,207.95524620818617,207.95524620818617,64326.413805778182,322.00676473145961,17,43
25,25.0.3,persistence,jmh-persistence/results.json,io.github.shuaibrao.cqengine.benchmark.PersistenceLifecycleBenchmark.replace,io.github.shuaibrao.cqengine.benchmark.PersistenceLifecycleBenchmark,replace,avgt,1,2,3,1 s,5,1 s,10000,"{""datasetSize"":""10000"",""persistenceMode"":""ON_HEAP""}",0.72090135682101486,0.033128721102856501,0.68777263571815839,0.75403007792387133,us/op,0.7146209882789929,0.75831556124606447,0.75925791881296145,0.75925791881296145,0.75925791881296145,0.75925791881296145,816.02723836732537,1079.8704026357659,43,44
25,25.0.3,persistence,jmh-persistence/results.json,io.github.shuaibrao.cqengine.benchmark.PersistenceLifecycleBenchmark.secondaryIndexFullIterationAndClose,io.github.shuaibrao.cqengine.benchmark.PersistenceLifecycleBenchmark,secondaryIndexFullIterationAndClose,avgt,1,2,3,1 s,5,1 s,10000,"{""datasetSize"":""10000"",""persistenceMode"":""DISK_WAL""}",34651.328611790879,2014.9087624074064,32636.419849383474,36666.237374198288,us/op,34711.976494252871,37097.987586206895,37268.400000000001,37268.400000000001,37268.400000000001,37268.400000000001,8392192.127189884,229.08468135586764,12,36
25,25.0.3,persistence,jmh-persistence/results.json,io.github.shuaibrao.cqengine.benchmark.PersistenceLifecycleBenchmark.secondaryIndexFullIterationAndClose,io.github.shuaibrao.cqengine.benchmark.PersistenceLifecycleBenchmark,secondaryIndexFullIterationAndClose,avgt,1,2,3,1 s,5,1 s,10000,"{""datasetSize"":""10000"",""persistenceMode"":""OFF_HEAP""}",29993.840785989461,1533.425445339501,28460.415340649961,31527.266231328962,us/op,29895.102941176468,32198.545738025416,32372.47741935484,32372.47741935484,32372.47741935484,32372.47741935484,7949608.9057170777,251.25679256551342,14,36
25,25.0.3,persistence,jmh-persistence/results.json,io.github.shuaibrao.cqengine.benchmark.PersistenceLifecycleBenchmark.secondaryIndexFullIterationAndClose,io.github.shuaibrao.cqengine.benchmark.PersistenceLifecycleBenchmark,secondaryIndexFullIterationAndClose,avgt,1,2,3,1 s,5,1 s,10000,"{""datasetSize"":""10000"",""persistenceMode"":""ON_HEAP""}",22.005295466980005,1.134782760754006,20.870512706225998,23.140078227734012,us/op,22.007435977524004,23.266032524194117,23.299046511627907,23.299046511627907,23.299046511627907,23.299046511627907,1257.2916590568543,54.520542730038699,4,12
25,25.0.3,persistence,jmh-persistence/results.json,io.github.shuaibrao.cqengine.benchmark.PersistenceLifecycleBenchmark.secondaryIndexSizeAndClose,io.github.shuaibrao.cqengine.benchmark.PersistenceLifecycleBenchmark,secondaryIndexSizeAndClose,avgt,1,2,3,1 s,5,1 s,10000,"{""datasetSize"":""10000"",""persistenceMode"":""DISK_WAL""}",3325.924542818444,122.17056442357566,3203.7539783948682,3448.0951072420198,us/op,3327.404356512141,3478.8842847725773,3489.0170731707317,3489.0170731707317,3489.0170731707317,3489.0170731707317,21280.790200079406,5.9527065941962602,0,
25,25.0.3,persistence,jmh-persistence/results.json,io.github.shuaibrao.cqengine.benchmark.PersistenceLifecycleBenchmark.secondaryIndexSizeAndClose,io.github.shuaibrao.cqengine.benchmark.PersistenceLifecycleBenchmark,secondaryIndexSizeAndClose,avgt,1,2,3,1 s,5,1 s,10000,"{""datasetSize"":""10000"",""persistenceMode"":""OFF_HEAP""}",205.84905823644726,15.557621890512102,190.29143634593515,221.40668012695937,us/op,202.28987121787952,226.9099499035465,227.94937428896472,227.94937428896472,227.94937428896472,227.94937428896472,13551.816609714209,62.161809327586795,4,12
25,25.0.3,persistence,jmh-persistence/results.json,io.github.shuaibrao.cqengine.benchmark.PersistenceLifecycleBenchmark.secondaryIndexSizeAndClose,io.github.shuaibrao.cqengine.benchmark.PersistenceLifecycleBenchmark,secondaryIndexSizeAndClose,avgt,1,2,3,1 s,5,1 s,10000,"{""datasetSize"":""10000"",""persistenceMode"":""ON_HEAP""}",0.47550154952211676,0.036830595969795973,0.43867095355232077,0.51233214549191275,us/op,0.46818236534444302,0.52172956637404033,0.52439618913595909,0.52439618913595909,0.52439618913595909,0.52439618913595909,1200.017353011054,2411.0144698475383,72,69
25,25.0.3,concurrency,jmh-concurrency/results.json,io.github.shuaibrao.cqengine.benchmark.ConcurrentReadWriteBenchmark.readHeavy,io.github.shuaibrao.cqengine.benchmark.ConcurrentReadWriteBenchmark,readHeavy,thrpt,4,2,3,1 s,5,1 s,10000,"{""datasetSize"":""10000"",""persistenceMode"":""DISK_WAL""}",428.03202196219655,27.068500346947527,400.96352161524902,455.10052230914408,ops/s,426.9053055964423,458.26851112986435,459.91250373165775,459.91250373165775,459.91250373165775,459.91250373165775,,,,
25,25.0.3,concurrency,jmh-concurrency/results.json,io.github.shuaibrao.cqengine.benchmark.ConcurrentReadWriteBenchmark.readHeavy,io.github.shuaibrao.cqengine.benchmark.ConcurrentReadWriteBenchmark,readHeavy,thrpt,4,2,3,1 s,5,1 s,10000,"{""datasetSize"":""10000"",""persistenceMode"":""OFF_HEAP""}",15.563082844378958,0.93383921550511739,14.629243628873841,16.496922059884074,ops/s,15.481453317916912,16.648075448142659,16.660649360664767,16.660649360664767,16.660649360664767,16.660649360664767,,,,
25,25.0.3,concurrency,jmh-concurrency/results.json,io.github.shuaibrao.cqengine.benchmark.ConcurrentReadWriteBenchmark.readHeavy,io.github.shuaibrao.cqengine.benchmark.ConcurrentReadWriteBenchmark,readHeavy,thrpt,4,2,3,1 s,5,1 s,10000,"{""datasetSize"":""10000"",""persistenceMode"":""ON_HEAP""}",1266529.8133353514,111850.03930308124,1154679.7740322701,1378379.8526384328,ops/s,1250346.9867877765,1356360.9819043707,1356818.8342530921,1356818.8342530921,1356818.8342530921,1356818.8342530921,,,,
25,25.0.3,concurrency,jmh-concurrency/results.json,io.github.shuaibrao.cqengine.benchmark.ConcurrentReadWriteBenchmark.readOnly,io.github.shuaibrao.cqengine.benchmark.ConcurrentReadWriteBenchmark,readOnly,thrpt,4,2,3,1 s,5,1 s,10000,"{""datasetSize"":""10000"",""persistenceMode"":""DISK_WAL""}",89.005903727017767,6.7679566605352699,82.237947066482491,95.773860387553043,ops/s,87.764771801488024,96.546247346534841,96.628034860096733,96.628034860096733,96.628034860096733,96.628034860096733,,,,
25,25.0.3,concurrency,jmh-concurrency/results.json,io.github.shuaibrao.cqengine.benchmark.ConcurrentReadWriteBenchmark.readOnly,io.github.shuaibrao.cqengine.benchmark.ConcurrentReadWriteBenchmark,readOnly,thrpt,4,2,3,1 s,5,1 s,10000,"{""datasetSize"":""10000"",""persistenceMode"":""OFF_HEAP""}",10.664972101462041,0.29929762415932015,10.36567447730272,10.964269725621362,ops/s,10.719554007618779,10.937392819226082,10.952320768677358,10.952320768677358,10.952320768677358,10.952320768677358,,,,
25,25.0.3,concurrency,jmh-concurrency/results.json,io.github.shuaibrao.cqengine.benchmark.ConcurrentReadWriteBenchmark.readOnly,io.github.shuaibrao.cqengine.benchmark.ConcurrentReadWriteBenchmark,readOnly,thrpt,4,2,3,1 s,5,1 s,10000,"{""datasetSize"":""10000"",""persistenceMode"":""ON_HEAP""}",160271.01734749478,9106.4233564667211,151164.59399102806,169377.4407039615,ops/s,158475.00825199517,171321.92638475142,171928.61951241584,171928.61951241584,171928.61951241584,171928.61951241584,,,,
25,25.0.3,concurrency,jmh-concurrency/results.json,io.github.shuaibrao.cqengine.benchmark.ConcurrentReadWriteBenchmark.writeHeavy,io.github.shuaibrao.cqengine.benchmark.ConcurrentReadWriteBenchmark,writeHeavy,thrpt,4,2,3,1 s,5,1 s,10000,"{""datasetSize"":""10000"",""persistenceMode"":""DISK_WAL""}",638.69702707390547,31.835896620060097,606.86113045384536,670.53292369396559,ops/s,637.77345374782522,672.45494581904677,673.78893158199992,673.78893158199992,673.78893158199992,673.78893158199992,,,,
25,25.0.3,concurrency,jmh-concurrency/results.json,io.github.shuaibrao.cqengine.benchmark.ConcurrentReadWriteBenchmark.writeHeavy,io.github.shuaibrao.cqengine.benchmark.ConcurrentReadWriteBenchmark,writeHeavy,thrpt,4,2,3,1 s,5,1 s,10000,"{""datasetSize"":""10000"",""persistenceMode"":""OFF_HEAP""}",125.44836245184266,11.060577294025945,114.38778515781671,136.50893974586859,ops/s,124.8167589531572,137.49082618146298,137.88474509175427,137.88474509175427,137.88474509175427,137.88474509175427,,,,
25,25.0.3,concurrency,jmh-concurrency/results.json,io.github.shuaibrao.cqengine.benchmark.ConcurrentReadWriteBenchmark.writeHeavy,io.github.shuaibrao.cqengine.benchmark.ConcurrentReadWriteBenchmark,writeHeavy,thrpt,4,2,3,1 s,5,1 s,10000,"{""datasetSize"":""10000"",""persistenceMode"":""ON_HEAP""}",2727643.6564824032,102036.15264355311,2625607.5038388502,2829679.8091259561,ops/s,2737189.6433055848,2805340.9977464932,2807871.9656056068,2807871.9656056068,2807871.9656056068,2807871.9656056068,,,,
